name,position,minutes_played,passes_completed,passes_total,shots,xg,ball_recoveries,pressures,dribbles_won,passes_completed_p90,passes_total_p90,shots_p90,xg_p90,ball_recoveries_p90,pressures_p90,dribbles_won_p90
Aarón Escandell Banacloche,Goalkeeper,94,10.0,28.0,0.0,0.0,4.0,0.0,0.0,9.57,26.81,0.0,0.0,3.83,0.0,0.0
Aarón Martín Caricol,Left Back,459,105.0,147.0,0.0,0.0,10.0,76.0,2.0,20.59,28.82,0.0,0.0,1.96,14.9,0.39
Abdallahi Mohamed Mahmoud,Left Center Midfield,91,4.0,4.0,0.0,0.0,1.0,5.0,1.0,3.96,3.96,0.0,0.0,0.99,4.95,0.99
Abdelaziz Barrada,Center Attacking Midfield,251,58.0,77.0,1.0,0.038847614,7.0,43.0,6.0,20.8,27.61,0.36,0.01,2.51,15.42,2.15
Abdelkader Mohamed Ghezzal,Left Wing,92,5.0,5.0,1.0,0.0729426,0.0,3.0,0.0,4.89,4.89,0.98,0.07,0.0,2.93,0.0
Abdoul Karim Yoda,Left Back,1710,400.0,539.0,8.0,0.830658769,69.0,190.0,42.0,21.05,28.37,0.42,0.04,3.63,10.0,2.21
Abdoulay Konko,Right Back,157,52.0,67.0,0.0,0.0,8.0,41.0,0.0,29.81,38.41,0.0,0.0,4.59,23.5,0.0
Abdoulaye Ba,Right Center Back,134,30.0,45.0,1.0,0.09395453,4.0,15.0,0.0,20.15,30.22,0.67,0.06,2.69,10.07,0.0
Abdoulaye Doucouré,Left Defensive Midfield,1335,482.0,577.0,10.0,0.759715562,101.0,286.0,10.0,32.49,38.9,0.67,0.05,6.81,19.28,0.67
Abdón Prats Bastidas,Left Center Forward,185,3.0,3.0,1.0,0.06299314,1.0,6.0,0.0,1.46,1.46,0.49,0.03,0.49,2.92,0.0
Abel Enrique Aguilar Tapia,Left Center Midfield,453,152.0,188.0,0.0,0.0,35.0,187.0,7.0,30.2,37.35,0.0,0.0,6.95,37.15,1.39
Abel Gómez Moreno,Center Attacking Midfield,271,41.0,54.0,2.0,0.27879322,4.0,27.0,1.0,13.62,17.93,0.66,0.09,1.33,8.97,0.33
Abel Ruiz Ortega,Left Center Forward,93,9.0,12.0,1.0,0.31623295,1.0,3.0,2.0,8.71,11.61,0.97,0.31,0.97,2.9,1.94
Abraham González Casanova,Left Center Midfield,1872,464.0,593.0,16.0,2.8344165205,67.0,243.0,3.0,22.31,28.51,0.77,0.14,3.22,11.68,0.14
Abraham Minero Fernández,Left Wing Back,226,28.0,39.0,0.0,0.0,1.0,38.0,1.0,11.15,15.53,0.0,0.0,0.4,15.13,0.4
Abraham Paz Cruz,Right Center Back,92,9.0,14.0,1.0,0.3343148,2.0,3.0,2.0,8.8,13.7,0.98,0.33,1.96,2.93,1.96
Achille Emaná Edzimbi,Center Attacking Midfield,132,29.0,43.0,4.0,0.300657538,11.0,39.0,2.0,19.77,29.32,2.73,0.2,7.5,26.59,1.36
Adalberto Peñaranda Maestre,Right Center Forward,1998,304.0,420.0,23.0,1.9198056825,76.0,434.0,44.0,13.69,18.92,1.04,0.09,3.42,19.55,1.98
Aderllan Leandro de Jesus Santos,Left Center Back,1542,545.0,657.0,8.0,1.080424582,53.0,170.0,8.0,31.81,38.35,0.47,0.06,3.09,9.92,0.47
Adil Rami,Right Center Back,2977,1044.0,1325.0,20.0,1.905893765,142.0,184.0,6.0,31.56,40.06,0.6,0.06,4.29,5.56,0.18
Adnan Januzaj,Right Midfield,389,47.0,63.0,6.0,0.250309666,8.0,32.0,6.0,10.87,14.58,1.39,0.06,1.85,7.4,1.39
Adnane Tighadouini,Center Attacking Midfield,838,88.0,146.0,15.0,0.823751483,22.0,48.0,16.0,9.45,15.68,1.61,0.09,2.36,5.16,1.72
Adriano Correia Claro,Left Back,9367,5123.0,5893.0,85.0,4.6477001889,436.0,969.0,117.0,49.22,56.62,0.82,0.04,4.19,9.31,1.12
Adriano Ferreira Martins,Right Wing,91,5.0,7.0,0.0,0.0,0.0,8.0,1.0,4.95,6.92,0.0,0.0,0.0,7.91,0.99
Adrián Colunga Pérez,Center Forward,355,46.0,74.0,5.0,0.566464174,5.0,41.0,1.0,11.66,18.76,1.27,0.14,1.27,10.39,0.25
Adrián Embarba Blázquez,Right Wing,2547,497.0,792.0,43.0,3.7374504306,114.0,384.0,32.0,17.56,27.99,1.52,0.13,4.03,13.57,1.13
Adrián González Morales,Center Attacking Midfield,3493,951.0,1315.0,58.0,5.319812918,154.0,559.0,16.0,24.5,33.88,1.49,0.14,3.97,14.4,0.41
Adrián Javier Gunino Duque,Right Back,91,13.0,17.0,0.0,0.0,0.0,14.0,0.0,12.86,16.81,0.0,0.0,0.0,13.85,0.0
Adrián López Rodríguez,Right Center Back,175,20.0,32.0,0.0,0.0,4.0,17.0,0.0,10.29,16.46,0.0,0.0,2.06,8.74,0.0
Adrián López Álvarez,Left Center Forward,2333,416.0,605.0,18.0,4.643964451,55.0,233.0,23.0,16.05,23.34,0.69,0.18,2.12,8.99,0.89
Adrián Marín Gómez,Left Back,1380,446.0,584.0,2.0,0.157801216,54.0,155.0,9.0,29.09,38.09,0.13,0.01,3.52,10.11,0.59
Adrián San Miguel del Castillo,Goalkeeper,183,29.0,56.0,0.0,0.0,11.0,0.0,0.0,14.26,27.54,0.0,0.0,5.41,0.0,0.0
Adrián Sardinero Corpa,Center Forward,92,3.0,5.0,0.0,0.0,2.0,5.0,0.0,2.93,4.89,0.0,0.0,1.96,4.89,0.0
Ager Aketxe Barrutia,Left Wing,249,70.0,95.0,4.0,0.169452501,6.0,30.0,1.0,25.3,34.34,1.45,0.06,2.17,10.84,0.36
Agustín Aranzábal Alkorta,Center Attacking Midfield,91,1.0,3.0,0.0,0.0,0.0,1.0,0.0,0.99,2.97,0.0,0.0,0.0,0.99,0.0
Aihen Muñoz Capellán,Left Back,93,45.0,60.0,0.0,0.0,3.0,16.0,0.0,43.55,58.06,0.0,0.0,2.9,15.48,0.0
Aitor Fernández Abarisketa,Goalkeeper,459,110.0,146.0,0.0,0.0,19.0,4.0,0.0,21.57,28.63,0.0,0.0,3.73,0.78,0.0
Aitor López Rekarte,Left Wing,147,17.0,23.0,0.0,0.0,1.0,26.0,0.0,10.41,14.08,0.0,0.0,0.61,15.92,0.0
Aitor Ocio Carrión,Right Center Back,210,51.0,62.0,2.0,0.099778825,7.0,14.0,0.0,21.86,26.57,0.86,0.04,3.0,6.0,0.0
Aitor Ramos Leniz,Center Forward,91,12.0,18.0,1.0,0.025347976,0.0,7.0,0.0,11.87,17.8,0.99,0.03,0.0,6.92,0.0
Aitor Ruibal García,Right Wing Back,251,36.0,50.0,0.0,0.0,4.0,44.0,3.0,12.91,17.93,0.0,0.0,1.43,15.78,1.08
Aitor Tornavaca Fernández,Left Midfield,275,70.0,99.0,2.0,0.049540819400000005,15.0,79.0,2.0,22.91,32.4,0.65,0.02,4.91,25.85,0.65
Akihiro Ienaga,Left Wing,90,7.0,10.0,1.0,0.027396608,3.0,5.0,2.0,7.0,10.0,1.0,0.03,3.0,5.0,2.0
Alain Didier Zokora-Déguy,Left Defensive Midfield,222,50.0,59.0,0.0,0.0,7.0,36.0,2.0,20.27,23.92,0.0,0.0,2.84,14.59,0.81
Alain Nef,Right Back,92,26.0,32.0,0.0,0.0,3.0,21.0,0.0,25.43,31.3,0.0,0.0,2.93,20.54,0.0
Albert Celades López,Right Defensive Midfield,345,79.0,98.0,0.0,0.0,6.0,42.0,3.0,20.61,25.57,0.0,0.0,1.57,10.96,0.78
Albert Crusat Domene,Left Wing,439,70.0,102.0,3.0,0.41940875,21.0,96.0,7.0,14.35,20.91,0.62,0.09,4.31,19.68,1.44
Albert Luque Martos,Right Wing,250,16.0,33.0,3.0,0.304802678,13.0,27.0,3.0,5.76,11.88,1.08,0.11,4.68,9.72,1.08
Albert Riera Ortega,Left Midfield,221,29.0,47.0,1.0,0.021777341,8.0,27.0,4.0,11.81,19.14,0.41,0.01,3.26,11.0,1.63
Alberto Aquilani,Left Defensive Midfield,183,99.0,117.0,0.0,0.0,5.0,26.0,1.0,48.69,57.54,0.0,0.0,2.46,12.79,0.49
Alberto Botía Rabasco,Right Center Back,457,66.0,102.0,1.0,0.11958852,11.0,75.0,1.0,13.0,20.09,0.2,0.02,2.17,14.77,0.2
Alberto Bueno Calvo,Center Attacking Midfield,399,123.0,159.0,9.0,1.6595805989999999,21.0,67.0,4.0,27.74,35.86,2.03,0.37,4.74,15.11,0.9
Alberto De La Bella Madureño,Left Back,2056,809.0,1095.0,7.0,1.162613859,62.0,224.0,10.0,35.41,47.93,0.31,0.05,2.71,9.81,0.44
Alberto Facundo Costa,Right Center Midfield,442,153.0,212.0,5.0,0.1711634875,15.0,174.0,2.0,31.15,43.17,1.02,0.03,3.05,35.43,0.41
Alberto García Cabrera,Goalkeeper,640,117.0,236.0,0.0,0.0,39.0,1.0,0.0,16.45,33.19,0.0,0.0,5.48,0.14,0.0
Alberto Guitián Ceballos,Right Center Back,93,17.0,28.0,0.0,0.0,5.0,10.0,1.0,16.45,27.1,0.0,0.0,4.84,9.68,0.97
Alberto Lopo García,Right Center Back,2088,441.0,582.0,5.0,0.371518098,52.0,193.0,4.0,19.01,25.09,0.22,0.02,2.24,8.32,0.17
Alberto Lora Ramos,Right Back,2984,1044.0,1397.0,6.0,0.153656926,126.0,398.0,14.0,31.49,42.13,0.18,0.0,3.8,12.0,0.42
Alberto López Fernández,Goalkeeper,90,9.0,20.0,0.0,0.0,8.0,1.0,0.0,9.0,20.0,0.0,0.0,8.0,1.0,0.0
Alberto Marcos Rey,Left Back,360,107.0,137.0,0.0,0.0,17.0,57.0,2.0,26.75,34.25,0.0,0.0,4.25,14.25,0.5
Alberto Martín Romo García Adámez,Right Center Midfield,94,34.0,39.0,0.0,0.0,5.0,27.0,0.0,32.55,37.34,0.0,0.0,4.79,25.85,0.0
Alberto Mateus Contreiras Gonçalves,Center Forward,2928,208.0,322.0,30.0,5.442840466,39.0,249.0,6.0,6.39,9.9,0.92,0.17,1.2,7.65,0.18
Alberto Moreno Pérez,Left Back,429,127.0,153.0,3.0,0.08428957570000001,12.0,52.0,2.0,26.64,32.1,0.63,0.02,2.52,10.91,0.42
Alberto Perea Correoso,Left Midfield,202,38.0,49.0,4.0,0.450894008,12.0,44.0,6.0,16.93,21.83,1.78,0.2,5.35,19.6,2.67
Alberto Rivera Pizarro,Left Defensive Midfield,609,173.0,232.0,4.0,0.1076345035,46.0,208.0,7.0,25.57,34.29,0.59,0.02,6.8,30.74,1.03
Alberto Rodríguez Baró,Right Center Back,183,32.0,39.0,0.0,0.0,4.0,14.0,0.0,15.74,19.18,0.0,0.0,1.97,6.89,0.0
Alberto Zapater Arjol,Left Defensive Midfield,445,156.0,191.0,1.0,0.29661375,19.0,131.0,4.0,31.55,38.63,0.2,0.06,3.84,26.49,0.81
Aldo Pedro Duscher,Right Defensive Midfield,272,65.0,88.0,2.0,0.0308230057,15.0,42.0,2.0,21.51,29.12,0.66,0.01,4.96,13.9,0.66
Aleix Febas Pérez,Right Center Forward,92,33.0,37.0,0.0,0.0,7.0,33.0,2.0,32.28,36.2,0.0,0.0,6.85,32.28,1.96
Aleix García Serrano,Right Center Midfield,298,107.0,134.0,3.0,0.11035295,11.0,59.0,1.0,32.32,40.47,0.91,0.03,3.32,17.82,0.3
Aleix Vidal Parreu,Right Back,2840,1002.0,1216.0,22.0,1.721778527,105.0,360.0,22.0,31.75,38.54,0.7,0.05,3.33,11.41,0.7
Alejandro Alfaro Ligero,Center Attacking Midfield,453,58.0,86.0,7.0,1.225954389,10.0,80.0,4.0,11.52,17.09,1.39,0.24,1.99,15.89,0.79
Alejandro Arribas Garrido,Right Center Back,3399,919.0,1248.0,13.0,1.452491024,122.0,400.0,8.0,24.33,33.05,0.34,0.04,3.23,10.59,0.21
Alejandro Barrera García,Center Attacking Midfield,456,24.0,35.0,2.0,0.114253789,3.0,29.0,1.0,4.74,6.91,0.39,0.02,0.59,5.72,0.2
Alejandro Berenguer Remiro,Left Midfield,274,28.0,41.0,2.0,0.077041462,7.0,48.0,2.0,9.2,13.47,0.66,0.03,2.3,15.77,0.66
Alejandro Bergantiños García,Right Defensive Midfield,2367,824.0,1050.0,21.0,1.436624748,157.0,524.0,8.0,31.33,39.92,0.8,0.05,5.97,19.92,0.3
Alejandro Blanco Sánchez,Right Midfield,92,6.0,11.0,0.0,0.0,1.0,11.0,1.0,5.87,10.76,0.0,0.0,0.98,10.76,0.98
Alejandro Castro Fernández,Left Center Midfield,92,28.0,41.0,1.0,0.088475876,14.0,30.0,0.0,27.39,40.11,0.98,0.09,13.7,29.35,0.0
Alejandro Damián Domínguez,Left Center Midfield,239,75.0,104.0,4.0,0.125401083,17.0,78.0,4.0,28.24,39.16,1.51,0.05,6.4,29.37,1.51
Alejandro Felip Selma,Left Defensive Midfield,90,18.0,20.0,0.0,0.0,1.0,10.0,0.0,18.0,20.0,0.0,0.0,1.0,10.0,0.0
Alejandro Fernández Iglesias,Left Center Midfield,276,33.0,52.0,2.0,0.84876991,16.0,45.0,0.0,10.76,16.96,0.65,0.28,5.22,14.67,0.0
Alejandro Granell Nogué,Left Center Midfield,249,104.0,142.0,4.0,0.076536044,13.0,61.0,0.0,37.59,51.33,1.45,0.03,4.7,22.05,0.0
Alejandro Gálvez Jimena,Right Center Back,546,160.0,189.0,3.0,0.068234318,21.0,93.0,0.0,26.37,31.15,0.49,0.01,3.46,15.33,0.0
Alejandro López Sánchez,Center Attacking Midfield,262,96.0,119.0,4.0,0.27435041000000004,19.0,74.0,8.0,32.98,40.88,1.37,0.09,6.53,25.42,2.75
Alejandro Martínez Sánchez,Left Back,92,27.0,35.0,0.0,0.0,3.0,18.0,1.0,26.41,34.24,0.0,0.0,2.93,17.61,0.98
Alejandro Menéndez Díez,Left Wing,1809,239.0,392.0,18.0,1.235945887,52.0,204.0,15.0,11.89,19.5,0.9,0.06,2.59,10.15,0.75
Alejandro Moreno Lopera,Left Back,369,118.0,154.0,2.0,0.055837685000000005,15.0,81.0,3.0,28.78,37.56,0.49,0.01,3.66,19.76,0.73
Alejandro Pozo Pozo,Right Back,93,45.0,59.0,1.0,0.022964468,7.0,12.0,2.0,43.55,57.1,0.97,0.02,6.77,11.61,1.94
Alejandro Pozuelo Melero,Right Center Forward,155,35.0,39.0,1.0,0.07478129,6.0,16.0,0.0,20.32,22.65,0.58,0.04,3.48,9.29,0.0
Alejandro Remiro Gargallo,Goalkeeper,368,121.0,157.0,0.0,0.0,13.0,1.0,0.0,29.59,38.4,0.0,0.0,3.18,0.24,0.0
Aleksandar Pantić,Left Center Back,1942,363.0,563.0,10.0,0.848193873,71.0,139.0,2.0,16.82,26.09,0.46,0.04,3.29,6.44,0.09
Alen Halilović,Center Attacking Midfield,3269,695.0,914.0,62.0,4.2949681755,135.0,288.0,74.0,19.13,25.16,1.71,0.12,3.72,7.93,2.04
Alessio Tacchinardi,Left Defensive Midfield,91,8.0,12.0,0.0,0.0,0.0,7.0,0.0,7.91,11.87,0.0,0.0,0.0,6.92,0.0
Alex Fernandez Sanchez,Center Defensive Midfield,91,10.0,12.0,0.0,0.0,1.0,4.0,0.0,9.89,11.87,0.0,0.0,0.99,3.96,0.0
Alex Sandro Mendonça Dos Santos,Right Back,93,16.0,24.0,0.0,0.0,3.0,17.0,0.0,15.48,23.23,0.0,0.0,2.9,16.45,0.0
Alexander Isak,Center Forward,321,53.0,70.0,11.0,1.895649618,11.0,47.0,6.0,14.86,19.63,3.08,0.53,3.08,13.18,1.68
Alexander Kerzhakov,Right Center Forward,166,11.0,12.0,1.0,0.07114711,2.0,16.0,0.0,5.96,6.51,0.54,0.04,1.08,8.67,0.0
Alexander Mesa Travieso,Center Forward,93,4.0,4.0,0.0,0.0,2.0,5.0,0.0,3.87,3.87,0.0,0.0,1.94,4.84,0.0
Alexander Szymanowski,Left Wing,225,28.0,43.0,5.0,0.218685626,5.0,25.0,4.0,11.2,17.2,2.0,0.09,2.0,10.0,1.6
Alexandre Coeff,Left Wing,92,2.0,3.0,0.0,0.0,3.0,2.0,0.0,1.96,2.93,0.0,0.0,2.93,1.96,0.0
Alexandre Dimitri Song-Billong,Center Defensive Midfield,2569,1463.0,1605.0,5.0,0.38566214,149.0,342.0,27.0,51.25,56.23,0.18,0.01,5.22,11.98,0.95
Alexandre Geijo Pazos,Right Center Forward,409,41.0,56.0,3.0,0.166514226,4.0,30.0,2.0,9.02,12.32,0.66,0.04,0.88,6.6,0.44
Alexandros Tziolis,Center Defensive Midfield,142,24.0,25.0,0.0,0.0,5.0,18.0,1.0,15.21,15.85,0.0,0.0,3.17,11.41,0.63
Alexis Alejandro Sánchez Sánchez,Right Wing,6203,1654.0,2121.0,118.0,18.345832547,258.0,868.0,150.0,24.0,30.77,1.71,0.27,3.74,12.59,2.18
Alexis Ruano Delgado,Left Center Back,2796,653.0,881.0,4.0,0.0978129714,77.0,145.0,8.0,21.02,28.36,0.13,0.0,2.48,4.67,0.26
Alfa Semedo Esteves,Center Defensive Midfield,93,6.0,8.0,0.0,0.0,1.0,3.0,0.0,5.81,7.74,0.0,0.0,0.97,2.9,0.0
Alfonso Pedraza Sag,Left Back,468,75.0,113.0,2.0,0.10593187300000001,15.0,104.0,3.0,14.42,21.73,0.38,0.02,2.88,20.0,0.58
Alfred John Momar N''Diaye,Left Defensive Midfield,3138,960.0,1210.0,27.0,3.038172999,179.0,689.0,30.0,27.53,34.7,0.77,0.09,5.13,19.76,0.86
Alfreð Finnbogason,Center Forward,182,10.0,12.0,1.0,0.21197687,1.0,14.0,0.0,4.95,5.93,0.49,0.1,0.49,6.92,0.0
Alhassane Bangoura,Right Wing,1753,241.0,381.0,26.0,1.2404459836,73.0,221.0,45.0,12.37,19.56,1.33,0.06,3.75,11.35,2.31
Alhassane Keita,Right Defensive Midfield,183,2.0,4.0,1.0,0.32188857,2.0,5.0,0.0,0.98,1.97,0.49,0.16,0.98,2.46,0.0
Aliaksandr Hleb,Right Wing,984,136.0,175.0,1.0,0.25909805,18.0,52.0,7.0,12.44,16.01,0.09,0.02,1.65,4.76,0.64
Alin Dorinel Toșca,Left Back,182,41.0,51.0,0.0,0.0,3.0,20.0,0.0,20.27,25.22,0.0,0.0,1.48,9.89,0.0
Allan Romeo Nyom,Right Back,915,159.0,225.0,0.0,0.0,28.0,138.0,6.0,15.64,22.13,0.0,0.0,2.75,13.57,0.59
Alphonse Areola,Goalkeeper,2907,481.0,861.0,0.0,0.0,160.0,2.0,1.0,14.89,26.66,0.0,0.0,4.95,0.06,0.03
Aly Cissokho,Left Back,182,53.0,77.0,0.0,0.0,4.0,26.0,3.0,26.21,38.08,0.0,0.0,1.98,12.86,1.48
Amankwaa Akurugu,Left Back,91,8.0,12.0,0.0,0.0,2.0,4.0,0.0,7.91,11.87,0.0,0.0,1.98,3.96,0.0
Amath Ndiaye,Left Wing,244,20.0,31.0,1.0,0.030006714,7.0,63.0,1.0,7.38,11.43,0.37,0.01,2.58,23.24,0.37
Anaitz Arbilla Zabala,Right Back,1591,670.0,866.0,12.0,0.502506223,79.0,237.0,15.0,37.9,48.99,0.68,0.03,4.47,13.41,0.85
Ander Barrenetxea Muguruza,Left Wing,421,35.0,45.0,4.0,0.256207895,7.0,40.0,4.0,7.48,9.62,0.86,0.05,1.5,8.55,0.86
Ander Capa Rodríguez,Right Back,3915,1274.0,2014.0,19.0,0.9650336793000001,233.0,580.0,39.0,29.29,46.3,0.44,0.02,5.36,13.33,0.9
Ander Gayoso Reina,Left Back,91,4.0,6.0,0.0,0.0,1.0,0.0,0.0,3.96,5.93,0.0,0.0,0.99,0.0,0.0
Ander Guevara Lajo,Right Defensive Midfield,330,191.0,224.0,0.0,0.0,22.0,102.0,3.0,52.09,61.09,0.0,0.0,6.0,27.82,0.82
Ander Herrera Agüera,Center Attacking Midfield,758,313.0,404.0,7.0,0.382845667,50.0,260.0,13.0,37.16,47.97,0.83,0.05,5.94,30.87,1.54
Ander Iturraspe Derteano,Right Defensive Midfield,2324,705.0,887.0,9.0,0.465826972,94.0,359.0,6.0,27.3,34.35,0.35,0.02,3.64,13.9,0.23
Ander Murillo García,Right Wing Back,134,25.0,37.0,1.0,0.007774844,5.0,42.0,0.0,16.79,24.85,0.67,0.01,3.36,28.21,0.0
Anderson Conceição Benedito,Left Center Back,90,9.0,12.0,0.0,0.0,1.0,5.0,0.0,9.0,12.0,0.0,0.0,1.0,5.0,0.0
Anderson Luis de Carvalho,Left Midfield,293,58.0,85.0,3.0,0.0774384177,21.0,56.0,3.0,17.82,26.11,0.92,0.02,6.45,17.2,0.92
Anderson Luís de Souza,Left Center Midfield,4685,2975.0,3773.0,96.0,5.5599030811,336.0,925.0,123.0,57.15,72.48,1.84,0.11,6.45,17.77,2.36
Anderson Silva de França,Left Center Forward,93,3.0,4.0,0.0,0.0,0.0,3.0,0.0,2.9,3.87,0.0,0.0,0.0,2.9,0.0
Andoni Gorosabel Espinosa,Right Back,246,90.0,113.0,0.0,0.0,11.0,33.0,3.0,32.93,41.34,0.0,0.0,4.02,12.07,1.1
Andoni Iraola Sagarna,Right Back,1088,353.0,485.0,2.0,0.84536095,53.0,149.0,9.0,29.2,40.12,0.17,0.07,4.38,12.33,0.74
Andreas Hoelgebaum Pereira,Left Wing,244,27.0,37.0,1.0,0.044538345,7.0,34.0,3.0,9.96,13.65,0.37,0.02,2.58,12.54,1.11
Andreas Ivanschitz,Left Midfield,262,22.0,39.0,3.0,0.18759125100000001,9.0,19.0,1.0,7.56,13.4,1.03,0.06,3.09,6.53,0.34
Andreu Fontàs Prat,Left Center Back,1474,840.0,942.0,2.0,0.31877683,55.0,165.0,4.0,51.29,57.52,0.12,0.02,3.36,10.07,0.24
Andreu Guerao Mayoral,Left Defensive Midfield,90,34.0,41.0,1.0,0.02654376,6.0,23.0,0.0,34.0,41.0,1.0,0.03,6.0,23.0,0.0
Andrija Delibašić,Center Forward,159,35.0,40.0,3.0,0.38118909,5.0,39.0,0.0,19.81,22.64,1.7,0.22,2.83,22.08,0.0
André Filipe Tavares Gomes,Left Center Midfield,6197,2185.0,2586.0,65.0,4.7215136274,284.0,1189.0,118.0,31.73,37.56,0.94,0.07,4.12,17.27,1.71
André de Castro Pereira,Center Attacking Midfield,186,31.0,46.0,0.0,0.0,7.0,60.0,1.0,15.0,22.26,0.0,0.0,3.39,29.03,0.48
André-Frank Zambo Anguissa,Right Center Midfield,180,89.0,97.0,0.0,0.0,14.0,52.0,4.0,44.5,48.5,0.0,0.0,7.0,26.0,2.0
Andrés Eduardo Fernández Moreno,Goalkeeper,4011,743.0,1349.0,0.0,0.0,244.0,11.0,1.0,16.67,30.27,0.0,0.0,5.47,0.25,0.02
Andrés Iniesta Luján,Left Center Midfield,28255,17526.0,19871.0,358.0,28.0618643604,1465.0,3584.0,828.0,55.83,63.29,1.14,0.09,4.67,11.42,2.64
Andrés José Fleurquin Rubio,Left Defensive Midfield,92,23.0,40.0,0.0,0.0,15.0,20.0,0.0,22.5,39.13,0.0,0.0,14.67,19.57,0.0
Andrés José Túñez Arceo,Left Center Back,90,27.0,33.0,0.0,0.0,2.0,8.0,1.0,27.0,33.0,0.0,0.0,2.0,8.0,1.0
Andrés Lamas Bervejillo,Left Center Back,92,22.0,27.0,1.0,0.18149585,0.0,5.0,0.0,21.52,26.41,0.98,0.18,0.0,4.89,0.0
Andrés Nicolás D''Alessandro,Left Wing,159,69.0,91.0,6.0,0.296436048,12.0,20.0,6.0,39.06,51.51,3.4,0.17,6.79,11.32,3.4
Andrés Palop Cervera,Goalkeeper,913,231.0,375.0,0.0,0.0,70.0,3.0,0.0,22.77,36.97,0.0,0.0,6.9,0.3,0.0
Andrés Pascual Santoja,Right Wing,92,5.0,6.0,0.0,0.0,3.0,6.0,1.0,4.89,5.87,0.0,0.0,2.93,5.87,0.98
Andrés Tomás Prieto Albert,Goalkeeper,91,11.0,22.0,0.0,0.0,2.0,0.0,0.0,10.88,21.76,0.0,0.0,1.98,0.0,0.0
Angelos Basinas,Left Center Midfield,184,80.0,92.0,1.0,0.027970491,8.0,57.0,1.0,39.13,45.0,0.49,0.01,3.91,27.88,0.49
Anssumane Fati,Left Wing,2199,550.0,656.0,41.0,4.743199816,50.0,291.0,35.0,22.51,26.85,1.68,0.19,2.05,11.91,1.43
Ante Budimir,Left Center Forward,332,49.0,66.0,7.0,1.158518508,5.0,70.0,1.0,13.28,17.89,1.9,0.31,1.36,18.98,0.27
Anthony Rubén Lozano Colón,Center Forward,277,23.0,32.0,3.0,0.300447682,6.0,23.0,0.0,7.47,10.4,0.97,0.1,1.95,7.47,0.0
Antoine Griezmann,Left Center Forward,9693,3289.0,4046.0,230.0,37.5951416723,382.0,1772.0,92.0,30.54,37.57,2.14,0.35,3.55,16.45,0.85
Antolín Alcáraz Viveros,Right Center Back,549,188.0,262.0,2.0,0.37142179,17.0,56.0,2.0,30.82,42.95,0.33,0.06,2.79,9.18,0.33
Antoni Lluis Adrover Colom,Left Wing,144,8.0,13.0,0.0,0.0,5.0,7.0,0.0,5.0,8.12,0.0,0.0,3.12,4.38,0.0
Antonio Adán Garrido,Goalkeeper,3692,589.0,1309.0,0.0,0.0,188.0,6.0,1.0,14.36,31.91,0.0,0.0,4.58,0.15,0.02
Antonio Amaya Carazo,Right Center Back,1828,477.0,629.0,3.0,0.20450205999999999,41.0,166.0,6.0,23.48,30.97,0.15,0.01,2.02,8.17,0.3
Antonio Baltasar Doblas Santana,Goalkeeper,276,35.0,79.0,0.0,0.0,17.0,0.0,0.0,11.41,25.76,0.0,0.0,5.54,0.0,0.0
Antonio Barragán Fernández,Right Back,2544,976.0,1250.0,0.0,0.0,86.0,328.0,11.0,34.53,44.22,0.0,0.0,3.04,11.6,0.39
Antonio Galdeano Benítez,Right Defensive Midfield,341,117.0,170.0,1.0,0.025781235,24.0,106.0,8.0,30.88,44.87,0.26,0.01,6.33,27.98,2.11
Antonio García Aranda,Left Back,2888,1112.0,1534.0,12.0,0.2632022164,165.0,349.0,36.0,34.65,47.8,0.37,0.01,5.14,10.88,1.12
Antonio Jesús Cotán Pérez,Right Defensive Midfield,92,42.0,50.0,0.0,0.0,6.0,18.0,2.0,41.09,48.91,0.0,0.0,5.87,17.61,1.96
Antonio Jesús Regal Angulo,Right Wing Back,93,29.0,46.0,1.0,0.08753085,7.0,14.0,0.0,28.06,44.52,0.97,0.08,6.77,13.55,0.0
Antonio Jesús Vázquez Muñoz,Right Defensive Midfield,365,127.0,179.0,4.0,0.226973737,30.0,103.0,4.0,31.32,44.14,0.99,0.06,7.4,25.4,0.99
Antonio José Raillo Arenas,Left Center Back,552,133.0,172.0,4.0,0.22443217099999999,17.0,56.0,0.0,21.68,28.04,0.65,0.04,2.77,9.13,0.0
Antonio Latorre Grueso,Left Back,250,77.0,99.0,1.0,0.011202433,8.0,34.0,0.0,27.72,35.64,0.36,0.0,2.88,12.24,0.0
Antonio López Guerrero,Left Back,906,309.0,412.0,2.0,0.087892341,38.0,84.0,7.0,30.7,40.93,0.2,0.01,3.77,8.34,0.7
Antonio Manuel Luna Rodríguez,Left Back,1883,542.0,755.0,2.0,0.11135503599999999,77.0,250.0,11.0,25.91,36.09,0.1,0.01,3.68,11.95,0.53
Antonio Moral Segura,Right Wing,119,25.0,32.0,1.0,0.40265763,8.0,35.0,1.0,18.91,24.2,0.76,0.3,6.05,26.47,0.76
"Antonio Pacheco D""Agosti",Right Center Midfield,181,43.0,73.0,4.0,0.9443157070000001,12.0,31.0,3.0,21.38,36.3,1.99,0.47,5.97,15.41,1.49
Antonio Puerta Pérez,Left Back,143,22.0,29.0,2.0,0.023033339,2.0,13.0,2.0,13.85,18.25,1.26,0.01,1.26,8.18,1.26
Antonio Ramiro Pérez,Center Attacking Midfield,93,6.0,7.0,0.0,0.0,1.0,6.0,0.0,5.81,6.77,0.0,0.0,0.97,5.81,0.0
Antonio Rodríguez Dovale,Left Back,184,36.0,47.0,0.0,0.0,7.0,10.0,0.0,17.61,22.99,0.0,0.0,3.42,4.89,0.0
Antonio Rodríguez Martínez,Goalkeeper,1815,433.0,689.0,0.0,0.0,130.0,3.0,0.0,21.47,34.17,0.0,0.0,6.45,0.15,0.0
Antonio Rukavina,Right Back,1919,567.0,735.0,2.0,0.052419115,51.0,161.0,5.0,26.59,34.47,0.09,0.0,2.39,7.55,0.23
Antonio Tomás González,Right Defensive Midfield,594,114.0,145.0,1.0,0.017405936,27.0,130.0,3.0,17.27,21.97,0.15,0.0,4.09,19.7,0.45
Antonio Álvarez Pérez,Right Center Midfield,92,20.0,27.0,1.0,0.04177448,8.0,13.0,3.0,19.57,26.41,0.98,0.04,7.83,12.72,2.93
António Alberto Bastos Pimparel,Goalkeeper,723,176.0,252.0,0.0,0.0,35.0,3.0,0.0,21.91,31.37,0.0,0.0,4.36,0.37,0.0
Anuar Mohamed Tuhami,Right Defensive Midfield,238,90.0,105.0,0.0,0.0,13.0,64.0,2.0,34.03,39.71,0.0,0.0,4.92,24.2,0.76
Aníbal Samuel Matellán,Left Center Back,182,45.0,59.0,0.0,0.0,7.0,16.0,1.0,22.25,29.18,0.0,0.0,3.46,7.91,0.49
Aquivaldo Mosquera Romaña,Right Back,91,20.0,31.0,0.0,0.0,2.0,11.0,0.0,19.78,30.66,0.0,0.0,1.98,10.88,0.0
Aras Özbiliz,Center Attacking Midfield,226,20.0,35.0,1.0,0.0523714,2.0,23.0,1.0,7.96,13.94,0.4,0.02,0.8,9.16,0.4
Arda Turan,Left Center Midfield,3299,1220.0,1407.0,22.0,3.567311633,161.0,518.0,52.0,33.28,38.38,0.6,0.1,4.39,14.13,1.42
Aridane Hernández Umpiérrez,Right Center Back,183,42.0,50.0,0.0,0.0,3.0,8.0,0.0,20.66,24.59,0.0,0.0,1.48,3.93,0.0
Ariel Gerardo Nahuelpán Osten,Center Forward,181,8.0,10.0,1.0,0.069846906,1.0,24.0,3.0,3.98,4.97,0.5,0.03,0.5,11.93,1.49
Ariel Miguel Santiago Ibagaza,Center Attacking Midfield,473,146.0,218.0,3.0,0.094909564,24.0,69.0,5.0,27.78,41.48,0.57,0.02,4.57,13.13,0.95
Aritz Aduriz Zubeldia,Center Forward,4398,622.0,996.0,130.0,22.3693080155,114.0,514.0,43.0,12.73,20.38,2.66,0.46,2.33,10.52,0.88
Aritz Elustondo Irribaria,Right Back,2927,1184.0,1573.0,17.0,1.6956987449999998,125.0,432.0,21.0,36.41,48.37,0.52,0.05,3.84,13.28,0.65
Arjen Robben,Right Midfield,139,42.0,56.0,6.0,0.392093217,5.0,16.0,7.0,27.19,36.26,3.88,0.25,3.24,10.36,4.53
Armando Miguel Correia de Sa,Right Back,92,18.0,34.0,0.0,0.0,7.0,13.0,1.0,17.61,33.26,0.0,0.0,6.85,12.72,0.98
Armando Riveiro de Aguilar Malda,Goalkeeper,90,10.0,32.0,0.0,0.0,8.0,0.0,0.0,10.0,32.0,0.0,0.0,8.0,0.0,0.0
Armindo Tué Na Bangna,Left Wing,2695,513.0,679.0,48.0,3.518182542,97.0,282.0,63.0,17.13,22.68,1.6,0.12,3.24,9.42,2.1
Arnaldo Antonio Sanabria Ayala,Center Forward,2571,483.0,665.0,54.0,11.5589793634,90.0,435.0,29.0,16.91,23.28,1.89,0.4,3.15,15.23,1.02
Arouna Koné,Center Forward,272,51.0,74.0,4.0,0.39522488200000006,13.0,61.0,7.0,16.88,24.49,1.32,0.13,4.3,20.18,2.32
Arthur Etienne Boka,Left Back,1294,506.0,667.0,8.0,0.594648101,72.0,117.0,13.0,35.19,46.39,0.56,0.04,5.01,8.14,0.9
Arthur Henrique Ramos de Oliveira Melo,Left Center Midfield,3133,1883.0,2044.0,9.0,1.418330653,111.0,419.0,29.0,54.09,58.72,0.26,0.04,3.19,12.04,0.83
Arturo Erasmo Vidal Pardo,Right Center Midfield,4984,2314.0,2577.0,45.0,6.267353583,131.0,1094.0,16.0,41.79,46.53,0.81,0.11,2.37,19.76,0.29
Arturo García Muñoz,Right Center Midfield,270,60.0,74.0,2.0,0.216950331,7.0,21.0,3.0,20.0,24.67,0.67,0.07,2.33,7.0,1.0
Asier Illarramendi Andonegi,Right Defensive Midfield,3842,1810.0,2275.0,27.0,1.661727608,249.0,967.0,32.0,42.4,53.29,0.63,0.04,5.83,22.65,0.75
Asier Riesgo Unamuno,Goalkeeper,3392,557.0,1165.0,0.0,0.0,229.0,4.0,0.0,14.78,30.91,0.0,0.0,6.08,0.11,0.0
Asier Villalibre Molina,Center Forward,188,3.0,3.0,0.0,0.0,0.0,5.0,2.0,1.44,1.44,0.0,0.0,0.0,2.39,0.96
Asier del Horno Cosgaya,Left Back,165,36.0,49.0,2.0,0.15208588,7.0,26.0,2.0,19.64,26.73,1.09,0.08,3.82,14.18,1.09
Augusto Jorge Mateo Solari,Left Midfield,90,7.0,13.0,1.0,0.25516874,2.0,10.0,0.0,7.0,13.0,1.0,0.26,2.0,10.0,0.0
Augusto Matías Fernández,Center Defensive Midfield,2855,1421.0,1632.0,19.0,1.421593159,196.0,804.0,31.0,44.8,51.45,0.6,0.04,6.18,25.35,0.98
Axel Werner,Goalkeeper,92,13.0,28.0,0.0,0.0,2.0,1.0,0.0,12.72,27.39,0.0,0.0,1.96,0.98,0.0
Aymen Abdennour,Left Center Back,2056,755.0,919.0,7.0,0.998068014,75.0,225.0,12.0,33.05,40.23,0.31,0.04,3.28,9.85,0.53
Aymeric Laporte,Left Center Back,2846,1258.0,1534.0,21.0,3.0693304246,122.0,288.0,12.0,39.78,48.51,0.66,0.1,3.86,9.11,0.38
Ayoze Díaz Díaz,Left Back,513,107.0,161.0,2.0,0.029183684,20.0,60.0,8.0,18.77,28.25,0.35,0.01,3.51,10.53,1.4
Ayoze García Pérez,Right Wing,155,14.0,17.0,1.0,0.0063762316,0.0,12.0,1.0,8.13,9.87,0.58,0.0,0.0,6.97,0.58
Aythami Artiles Oliva,Right Center Back,3063,1404.0,1696.0,10.0,1.419813698,103.0,261.0,3.0,41.25,49.83,0.29,0.04,3.03,7.67,0.09
Aïssa Mandi,Right Center Back,787,322.0,355.0,1.0,0.04382538,21.0,89.0,2.0,36.82,40.6,0.11,0.01,2.4,10.18,0.23
Bartholomew Owogbalor Ogbeche,Center Forward,186,12.0,17.0,2.0,0.23934877999999998,5.0,11.0,2.0,5.81,8.23,0.97,0.12,2.42,5.32,0.97
Bartlomiej Pawłowski,Center Forward,91,8.0,14.0,1.0,0.10704435,1.0,14.0,2.0,7.91,13.85,0.99,0.11,0.99,13.85,1.98
Ben Sahar,Left Wing,92,1.0,2.0,0.0,0.0,0.0,1.0,0.0,0.98,1.96,0.0,0.0,0.0,0.98,0.0
Benoît Trémoulinas,Left Back,2256,896.0,1225.0,13.0,0.794651972,89.0,177.0,15.0,35.74,48.87,0.52,0.03,3.55,7.06,0.6
Bernard Mensah,Left Defensive Midfield,734,38.0,42.0,2.0,0.018181613,3.0,21.0,4.0,4.66,5.15,0.25,0.0,0.37,2.57,0.49
Bernardo José Espinosa Zúñiga,Left Center Back,2030,539.0,755.0,19.0,1.266619016,78.0,221.0,1.0,23.9,33.47,0.84,0.06,3.46,9.8,0.04
Beñat Etxebarria Urkiaga,Left Defensive Midfield,4152,1898.0,2512.0,35.0,1.4567531209,268.0,782.0,34.0,41.14,54.45,0.76,0.03,5.81,16.95,0.74
Bojan Jokić,Left Back,216,73.0,102.0,0.0,0.0,7.0,33.0,0.0,30.42,42.5,0.0,0.0,2.92,13.75,0.0
Bojan Krkíc Pérez,Center Forward,6777,759.0,976.0,101.0,13.4221008116,131.0,342.0,69.0,10.08,12.96,1.34,0.18,1.74,4.54,0.92
Borja Ekiza Imaz,Right Center Back,846,199.0,282.0,0.0,0.0,42.0,120.0,5.0,21.17,30.0,0.0,0.0,4.47,12.77,0.53
Borja Fernández Fernández,Right Defensive Midfield,977,224.0,299.0,5.0,0.2411113344,32.0,158.0,3.0,20.63,27.54,0.46,0.02,2.95,14.55,0.28
Borja García Freire,Left Wing,227,58.0,78.0,1.0,0.005878457,6.0,44.0,0.0,23.0,30.93,0.4,0.0,2.38,17.44,0.0
Borja González Tomás,Center Forward,3356,471.0,677.0,95.0,16.9620708225,81.0,600.0,15.0,12.63,18.16,2.55,0.45,2.17,16.09,0.4
Borja Gómez Pérez,Left Center Back,182,28.0,42.0,0.0,0.0,2.0,18.0,0.0,13.85,20.77,0.0,0.0,0.99,8.9,0.0
Borja Herrera González,Left Back,92,47.0,55.0,1.0,0.009962751,4.0,17.0,2.0,45.98,53.8,0.98,0.01,3.91,16.63,1.96
Borja Iglesias Quintas,Center Forward,298,60.0,82.0,5.0,0.9717237,12.0,47.0,3.0,18.12,24.77,1.51,0.29,3.62,14.19,0.91
Borja Mayoral Moya,Center Forward,859,124.0,153.0,7.0,0.7297132630000001,20.0,132.0,12.0,12.99,16.03,0.73,0.08,2.1,13.83,1.26
Borja Oubiña Meléndez,Left Defensive Midfield,544,201.0,249.0,4.0,0.55366748,27.0,135.0,5.0,33.25,41.19,0.66,0.09,4.47,22.33,0.83
Borja Sainz Eguskiza,Left Center Forward,90,2.0,3.0,0.0,0.0,0.0,3.0,0.0,2.0,3.0,0.0,0.0,0.0,3.0,0.0
Borja Valero Iglesias,Right Midfield,582,188.0,248.0,6.0,0.319638415,46.0,194.0,9.0,29.07,38.35,0.93,0.05,7.11,30.0,1.39
Borja Valle Balonga,Left Center Forward,177,23.0,27.0,4.0,0.409969662,2.0,23.0,0.0,11.69,13.73,2.03,0.21,1.02,11.69,0.0
Borja Viguera Manzanares,Center Forward,879,69.0,97.0,7.0,1.045676658,12.0,64.0,3.0,7.06,9.93,0.72,0.11,1.23,6.55,0.31
Boško Janković,Center Attacking Midfield,93,1.0,2.0,0.0,0.0,0.0,0.0,0.0,0.97,1.94,0.0,0.0,0.0,0.0,0.0
Braian Damián Rodríguez Carballo,Center Forward,91,1.0,3.0,0.0,0.0,0.0,3.0,0.0,0.99,2.97,0.0,0.0,0.0,2.97,0.0
Brais Méndez Portela,Right Midfield,476,145.0,183.0,7.0,0.81234657,20.0,120.0,4.0,27.42,34.6,1.32,0.15,3.78,22.69,0.76
Branko Ilič,Right Back,266,56.0,73.0,0.0,0.0,5.0,45.0,2.0,18.95,24.7,0.0,0.0,1.69,15.23,0.68
Braulio Nóbrega Rodríguez,Right Center Forward,91,12.0,19.0,1.0,0.13339077,4.0,13.0,0.0,11.87,18.79,0.99,0.13,3.96,12.86,0.0
Bruno Alexandre Vilela Gama,Right Wing,283,55.0,76.0,1.0,0.018486666,14.0,85.0,6.0,17.49,24.17,0.32,0.01,4.45,27.03,1.91
Bruno González Cabrera,Left Center Back,3099,882.0,1119.0,17.0,1.076868629,103.0,370.0,12.0,25.61,32.5,0.49,0.03,2.99,10.75,0.35
Bruno Saltor Grau,Right Back,538,191.0,251.0,0.0,0.0,29.0,96.0,5.0,31.95,41.99,0.0,0.0,4.85,16.06,0.84
Bruno Soriano Llido,Left Defensive Midfield,3942,1911.0,2260.0,25.0,3.8251735129999997,238.0,545.0,29.0,43.63,51.6,0.57,0.09,5.43,12.44,0.66
Bryan Gil Salvatierra,Left Center Midfield,95,3.0,4.0,0.0,0.0,0.0,8.0,0.0,2.84,3.79,0.0,0.0,0.0,7.58,0.0
Bryan Martín Rabello Mella,Right Midfield,91,6.0,7.0,0.0,0.0,4.0,2.0,0.0,5.93,6.92,0.0,0.0,3.96,1.98,0.0
Carl Medjani,Right Center Back,1315,406.0,528.0,8.0,0.702009052,26.0,92.0,2.0,27.79,36.14,0.55,0.05,1.78,6.3,0.14
Carles Aleña Castillo,Left Center Midfield,2083,626.0,680.0,13.0,1.052882576,32.0,235.0,8.0,27.05,29.38,0.56,0.05,1.38,10.15,0.35
Carles Domingo Pladevall,Left Back,92,11.0,16.0,0.0,0.0,2.0,5.0,0.0,10.76,15.65,0.0,0.0,1.96,4.89,0.0
Carles Gil de Pareja Vicent,Right Wing,221,65.0,78.0,4.0,0.069216537,11.0,42.0,4.0,26.47,31.76,1.63,0.03,4.48,17.1,1.63
Carles Planas Antolínez,Left Back,2242,908.0,1175.0,3.0,0.15004844900000003,53.0,357.0,5.0,36.45,47.17,0.12,0.01,2.13,14.33,0.2
Carles Puyol i Saforcada,Left Center Back,15511,8233.0,9189.0,54.0,8.369151194,708.0,1487.0,71.0,47.77,53.32,0.31,0.05,4.11,8.63,0.41
Carles Pérez Sayol,Left Wing,508,75.0,91.0,2.0,0.288418416,12.0,31.0,3.0,13.29,16.12,0.35,0.05,2.13,5.49,0.53
Carlos Alberto Sánchez Moreno,Right Center Midfield,180,24.0,32.0,0.0,0.0,8.0,31.0,0.0,12.0,16.0,0.0,0.0,4.0,15.5,0.0
Carlos Alberto Vela Garrido,Right Wing,3819,1004.0,1371.0,73.0,9.43054484,179.0,533.0,73.0,23.66,32.31,1.72,0.22,4.22,12.56,1.72
Carlos Andrés Diogo Enseñat,Right Back,549,135.0,191.0,3.0,0.127197083,22.0,78.0,3.0,22.13,31.31,0.49,0.02,3.61,12.79,0.49
Carlos Arturo Bacca Ahumada,Center Forward,742,66.0,92.0,11.0,1.546594274,8.0,82.0,3.0,8.01,11.16,1.33,0.19,0.97,9.95,0.36
Carlos Bellvís Llorens,Left Back,269,56.0,82.0,0.0,0.0,9.0,43.0,2.0,18.74,27.43,0.0,0.0,3.01,14.39,0.67
Carlos Calvo Sobrado,Center Attacking Midfield,147,12.0,27.0,1.0,0.0071377726,4.0,25.0,1.0,7.35,16.53,0.61,0.0,2.45,15.31,0.61
Carlos Carbonell Gil,Left Wing,92,1.0,2.0,0.0,0.0,1.0,3.0,0.0,0.98,1.96,0.0,0.0,0.98,2.93,0.0
Carlos Carmona Bonet,Right Wing,1487,394.0,576.0,15.0,2.6045733423,80.0,372.0,20.0,23.85,34.86,0.91,0.16,4.84,22.52,1.21
Carlos Castro García,Center Forward,2226,172.0,217.0,26.0,6.302123125,39.0,157.0,10.0,6.95,8.77,1.05,0.25,1.58,6.35,0.4
Carlos Clerc Martínez,Left Back,268,78.0,105.0,0.0,0.0,4.0,61.0,1.0,26.19,35.26,0.0,0.0,1.34,20.49,0.34
Carlos Fernández Luna,Center Forward,461,30.0,47.0,2.0,0.13437167,10.0,80.0,3.0,5.86,9.18,0.39,0.03,1.95,15.62,0.59
Carlos García Badías,Right Center Back,273,86.0,102.0,0.0,0.0,7.0,29.0,0.0,28.35,33.63,0.0,0.0,2.31,9.56,0.0
Carlos González Peña,Left Back,90,17.0,27.0,0.0,0.0,3.0,14.0,0.0,17.0,27.0,0.0,0.0,3.0,14.0,0.0
Carlos Gurpegi Nausia,Right Center Back,2075,598.0,768.0,9.0,0.664450015,77.0,260.0,11.0,25.94,33.31,0.39,0.03,3.34,11.28,0.48
Carlos Henrique Casimiro,Center Defensive Midfield,2780,1246.0,1437.0,30.0,2.1342863429,127.0,628.0,15.0,40.34,46.52,0.97,0.07,4.11,20.33,0.49
Carlos Joaquín Correa,Center Forward,254,40.0,49.0,4.0,0.2146470867,2.0,51.0,3.0,14.17,17.36,1.42,0.08,0.71,18.07,1.06
Carlos Jorge Neto Martins,Right Defensive Midfield,232,72.0,102.0,6.0,0.266656347,12.0,43.0,5.0,27.93,39.57,2.33,0.1,4.66,16.68,1.94
Carlos Lázaro Vallejo,Right Center Midfield,91,35.0,48.0,2.0,0.14716547500000002,5.0,28.0,1.0,34.62,47.47,1.98,0.15,4.95,27.69,0.99
Carlos Marchena López,Left Center Midfield,801,240.0,306.0,2.0,0.208418896,38.0,209.0,4.0,26.97,34.38,0.22,0.02,4.27,23.48,0.45
Carlos Martín Vigaray,Left Back,1573,440.0,589.0,4.0,0.293112745,60.0,256.0,13.0,25.17,33.7,0.23,0.02,3.43,14.65,0.74
Carlos Martínez Díez,Right Back,1418,457.0,621.0,5.0,0.2860599517,58.0,150.0,16.0,29.01,39.41,0.32,0.02,3.68,9.52,1.02
Carlos Merino González,Right Center Midfield,90,10.0,12.0,1.0,0.03783278,1.0,2.0,1.0,10.0,12.0,1.0,0.04,1.0,2.0,1.0
Carlos Neva Tey,Left Back,137,29.0,39.0,1.0,0.026862955,7.0,10.0,0.0,19.05,25.62,0.66,0.02,4.6,6.57,0.0
Carlos Reina Aranda,Center Forward,360,50.0,66.0,8.0,1.015698847,16.0,78.0,12.0,12.5,16.5,2.0,0.25,4.0,19.5,3.0
Carlos Soler Barragán,Right Midfield,638,154.0,190.0,4.0,0.205684335,28.0,190.0,1.0,21.72,26.8,0.56,0.03,3.95,26.8,0.14
Carmelo José González Jiménez,Center Attacking Midfield,308,54.0,85.0,1.0,0.10657971,8.0,89.0,3.0,15.78,24.84,0.29,0.03,2.34,26.01,0.88
Casto Espinosa Barriga,Goalkeeper,273,53.0,98.0,0.0,0.0,19.0,0.0,0.0,17.47,32.31,0.0,0.0,6.26,0.0,0.0
Cayetano Bartolomé Bonnín Vásquez,Right Back,92,8.0,10.0,0.0,0.0,0.0,7.0,0.0,7.83,9.78,0.0,0.0,0.0,6.85,0.0
Cecilio Nauzet Pérez González,Goalkeeper,91,22.0,32.0,0.0,0.0,10.0,0.0,0.0,21.76,31.65,0.0,0.0,9.89,0.0,0.0
Celso Borges Mora,Right Defensive Midfield,2554,946.0,1170.0,23.0,2.835844336,108.0,394.0,19.0,33.34,41.23,0.81,0.1,3.81,13.88,0.67
Charles Días Barbosa de Oliveira,Left Center Forward,3853,682.0,958.0,99.0,12.3600898955,100.0,489.0,15.0,15.93,22.38,2.31,0.29,2.34,11.42,0.35
Charly Musonda Junior,Left Midfield,1483,288.0,400.0,14.0,0.672990705,69.0,249.0,52.0,17.48,24.28,0.85,0.04,4.19,15.11,3.16
Cheick Doukouré,Left Center Midfield,91,18.0,23.0,1.0,0.051130917,5.0,28.0,1.0,17.8,22.75,0.99,0.05,4.95,27.69,0.99
Chengdong Zhang,Left Center Back,92,2.0,3.0,0.0,0.0,0.0,4.0,0.0,1.96,2.93,0.0,0.0,0.0,3.91,0.0
Chidozie Collins Awaziem,Right Center Back,96,15.0,19.0,0.0,0.0,3.0,12.0,0.0,14.06,17.81,0.0,0.0,2.81,11.25,0.0
Christian Abbiati,Goalkeeper,183,31.0,57.0,0.0,0.0,11.0,1.0,0.0,15.25,28.03,0.0,0.0,5.41,0.49,0.0
Christian Alfonso López,Left Wing,90,6.0,8.0,0.0,0.0,2.0,11.0,2.0,6.0,8.0,0.0,0.0,2.0,11.0,2.0
Christian Atsu Twasam,Right Midfield,959,112.0,143.0,9.0,1.258855359,18.0,65.0,13.0,10.51,13.42,0.84,0.12,1.69,6.1,1.22
Christian Bjørnshøj Poulsen,Left Center Midfield,370,149.0,174.0,3.0,0.16174919299999999,24.0,73.0,2.0,36.24,42.32,0.73,0.04,5.84,17.76,0.49
Christian Daniel Bravo Araneda,Right Wing,93,1.0,2.0,0.0,0.0,1.0,6.0,0.0,0.97,1.94,0.0,0.0,0.97,5.81,0.0
Christian Fernández Salas,Left Back,456,88.0,130.0,1.0,0.07932374,15.0,85.0,1.0,17.37,25.66,0.2,0.02,2.96,16.78,0.2
Christian Gabriel Oliva Giménez,Right Defensive Midfield,94,7.0,9.0,1.0,0.016389068,4.0,5.0,0.0,6.7,8.62,0.96,0.02,3.83,4.79,0.0
Christian Koffi Romaric N''Dri,Left Center Midfield,322,68.0,90.0,1.0,0.02254286,16.0,47.0,2.0,19.01,25.16,0.28,0.01,4.47,13.14,0.56
Christian Lell,Right Back,91,16.0,23.0,0.0,0.0,6.0,2.0,3.0,15.82,22.75,0.0,0.0,5.93,1.98,2.97
Christian Riganò,Right Center Forward,90,12.0,23.0,2.0,0.140070621,1.0,6.0,0.0,12.0,23.0,2.0,0.14,1.0,6.0,0.0
Christian Rivera Hernández,Left Defensive Midfield,275,25.0,30.0,0.0,0.0,5.0,14.0,0.0,8.18,9.82,0.0,0.0,1.64,4.58,0.0
Christian Robert Santos Kwasniewski,Center Forward,184,32.0,38.0,2.0,0.54491373,5.0,31.0,1.0,15.65,18.59,0.98,0.27,2.45,15.16,0.49
Christoph Metzelder,Right Center Back,169,34.0,48.0,0.0,0.0,4.0,13.0,1.0,18.11,25.56,0.0,0.0,2.13,6.92,0.53
Chu-Young Park,Center Forward,152,12.0,21.0,1.0,0.09510282,0.0,9.0,0.0,7.11,12.43,0.59,0.06,0.0,5.33,0.0
Ciro Immobile,Center Forward,636,41.0,63.0,14.0,2.585423243,10.0,78.0,2.0,5.8,8.92,1.98,0.37,1.42,11.04,0.28
Claudio Andrés Bravo Muñoz,Goalkeeper,7196,1826.0,2287.0,0.0,0.0,290.0,12.0,1.0,22.84,28.6,0.0,0.0,3.63,0.15,0.01
Claudio Beauvue,Right Wing,994,94.0,144.0,17.0,1.7239704075,24.0,95.0,10.0,8.51,13.04,1.54,0.16,2.17,8.6,0.91
Claudio Matías Kranevitter,Center Defensive Midfield,788,126.0,161.0,1.0,0.031144707,20.0,82.0,3.0,14.39,18.39,0.11,0.0,2.28,9.37,0.34
Clemente Juan Rodríguez,Left Back,90,27.0,42.0,1.0,0.07683859,7.0,22.0,0.0,27.0,42.0,1.0,0.08,7.0,22.0,0.0
Cléber Santana Loureiro,Left Center Midfield,182,34.0,36.0,0.0,0.0,3.0,15.0,0.0,16.81,17.8,0.0,0.0,1.48,7.42,0.0
Clément Lenglet,Left Center Back,6905,4707.0,5113.0,25.0,3.211109823,204.0,845.0,20.0,61.35,66.64,0.33,0.04,2.66,11.01,0.26
Cosmin Marius Contra,Right Back,138,66.0,79.0,0.0,0.0,4.0,36.0,4.0,43.04,51.52,0.0,0.0,2.61,23.48,2.61
Cristhian Ricardo Stuani Curbelo,Left Center Forward,719,50.0,90.0,10.0,1.2336734759999999,18.0,110.0,2.0,6.26,11.27,1.25,0.15,2.25,13.77,0.25
Cristian Darío Álvarez,Goalkeeper,260,73.0,104.0,0.0,0.0,18.0,2.0,0.0,25.27,36.0,0.0,0.0,6.23,0.69,0.0
Cristian Gabriel Rodríguez Barrotti,Left Wing,183,11.0,15.0,0.0,0.0,1.0,9.0,0.0,5.41,7.38,0.0,0.0,0.49,4.43,0.0
Cristian Gómez García,Right Wing,92,15.0,16.0,0.0,0.0,3.0,7.0,0.0,14.67,15.65,0.0,0.0,2.93,6.85,0.0
Cristian Hidalgo González,Left Wing,405,78.0,103.0,3.0,0.0876937686,13.0,141.0,6.0,17.33,22.89,0.67,0.02,2.89,31.33,1.33
Cristian Omar Espinoza,Right Wing,93,4.0,10.0,0.0,0.0,2.0,3.0,0.0,3.87,9.68,0.0,0.0,1.94,2.9,0.0
Cristian Osvaldo Álvarez,Right Midfield,145,21.0,33.0,2.0,0.0225796315,4.0,14.0,1.0,13.03,20.48,1.24,0.01,2.48,8.69,0.62
Cristian Portugués Manzanera,Right Wing,593,112.0,147.0,6.0,0.822650703,20.0,151.0,7.0,17.0,22.31,0.91,0.12,3.04,22.92,1.06
Cristian Tello Herrera,Left Wing,4850,806.0,988.0,66.0,4.4417263705,101.0,319.0,46.0,14.96,18.33,1.22,0.08,1.87,5.92,0.85
Cristiano Biraghi,Left Back,2832,939.0,1372.0,11.0,0.14334882999999998,99.0,320.0,12.0,29.84,43.6,0.35,0.0,3.15,10.17,0.38
Cristiano Piccini,Right Back,1694,710.0,943.0,14.0,0.4584426865,98.0,245.0,27.0,37.72,50.1,0.74,0.02,5.21,13.02,1.43
Cristiano Ronaldo dos Santos Aveiro,Left Wing,4623,1167.0,1541.0,306.0,40.5987134561,129.0,332.0,85.0,22.72,30.0,5.96,0.79,2.51,6.46,1.65
Cédric Bakambu,Right Center Forward,2924,388.0,549.0,52.0,9.716121025,65.0,420.0,27.0,11.94,16.9,1.6,0.3,2.0,12.93,0.83
César Arzo Amposta,Left Center Back,267,49.0,67.0,2.0,0.157679086,11.0,28.0,1.0,16.52,22.58,0.67,0.05,3.71,9.44,0.34
César Azpilicueta Tanco,Right Back,371,99.0,167.0,0.0,0.0,22.0,118.0,2.0,24.02,40.51,0.0,0.0,5.34,28.63,0.49
César Cruchaga Lasa,Right Center Back,267,50.0,61.0,0.0,0.0,10.0,16.0,2.0,16.85,20.56,0.0,0.0,3.37,5.39,0.67
César González Navas,Right Center Back,360,81.0,108.0,2.0,0.11593840999999999,11.0,40.0,0.0,20.25,27.0,0.5,0.03,2.75,10.0,0.0
César Palacios Chocarro,Right Center Midfield,172,32.0,37.0,0.0,0.0,7.0,25.0,1.0,16.74,19.36,0.0,0.0,3.66,13.08,0.52
César Sánchez Domínguez,Goalkeeper,815,142.0,281.0,0.0,0.0,48.0,2.0,0.0,15.68,31.03,0.0,0.0,5.3,0.22,0.0
Damià Abella Pérez,Left Back,781,153.0,215.0,4.0,0.5785341629999999,19.0,132.0,4.0,17.63,24.78,0.46,0.07,2.19,15.21,0.46
Damián Ariel Escudero,Left Wing,185,17.0,21.0,1.0,0.1593968,2.0,4.0,5.0,8.27,10.22,0.49,0.08,0.97,1.95,2.43
Damián Marcelo Musto,Right Defensive Midfield,92,29.0,37.0,0.0,0.0,3.0,12.0,0.0,28.37,36.2,0.0,0.0,2.93,11.74,0.0
Damián Nicolás Suárez Suárez,Right Back,3548,1486.0,1996.0,9.0,0.2029115453,166.0,671.0,30.0,37.69,50.63,0.23,0.01,4.21,17.02,0.76
Dani Castellano Betancor,Left Back,2478,1124.0,1408.0,8.0,0.35396272900000003,109.0,307.0,41.0,40.82,51.14,0.29,0.01,3.96,11.15,1.49
Daniel Alberto Díaz,Right Center Back,807,176.0,212.0,1.0,0.05891282,29.0,93.0,4.0,19.63,23.64,0.11,0.01,3.23,10.37,0.45
Daniel Alejandro Torres Rojas,Left Defensive Midfield,249,59.0,78.0,0.0,0.0,14.0,42.0,0.0,21.33,28.19,0.0,0.0,5.06,15.18,0.0
Daniel Alves da Silva,Right Back,20217,15069.0,18170.0,230.0,9.7503422386,1401.0,3525.0,397.0,67.08,80.89,1.02,0.04,6.24,15.69,1.77
Daniel Aquino Pintos,Left Midfield,91,18.0,28.0,1.0,0.045600697,4.0,22.0,2.0,17.8,27.69,0.99,0.05,3.96,21.76,1.98
Daniel Aranzubia Aguado,Goalkeeper,714,115.0,234.0,0.0,0.0,44.0,4.0,0.0,14.5,29.5,0.0,0.0,5.55,0.5,0.0
"Daniel Armand N""Gom Komé",Left Wing,316,86.0,99.0,3.0,0.257930051,17.0,89.0,4.0,24.49,28.2,0.85,0.07,4.84,25.35,1.14
Daniel Arnaud N''Di	,Center Attacking Midfield,1097,153.0,227.0,12.0,1.714392993,38.0,127.0,17.0,12.55,18.62,0.98,0.14,3.12,10.42,1.39
Daniel Carvajal Ramos,Right Back,2736,1543.0,1797.0,11.0,0.546534595,118.0,507.0,28.0,50.76,59.11,0.36,0.02,3.88,16.68,0.92
Daniel Ceballos Fernández,Center Attacking Midfield,3012,1036.0,1293.0,21.0,0.8023307457,181.0,577.0,66.0,30.96,38.64,0.63,0.02,5.41,17.24,1.97
Daniel Estrada Agirrezablaga,Right Back,409,64.0,106.0,0.0,0.0,9.0,49.0,1.0,14.08,23.33,0.0,0.0,1.98,10.78,0.22
Daniel Filipe Martins Carriço,Left Center Back,1793,529.0,651.0,10.0,1.5367720249999999,61.0,224.0,5.0,26.55,32.68,0.5,0.08,3.06,11.24,0.25
Daniel García Carrillo,Left Defensive Midfield,3987,1666.0,2175.0,22.0,1.338788616,275.0,722.0,20.0,37.61,49.1,0.5,0.03,6.21,16.3,0.45
Daniel Giménez Hernández,Goalkeeper,271,47.0,86.0,0.0,0.0,12.0,0.0,0.0,15.61,28.56,0.0,0.0,3.99,0.0,0.0
Daniel González Benítez,Left Midfield,178,21.0,45.0,1.0,0.026217688,10.0,52.0,1.0,10.62,22.75,0.51,0.01,5.06,26.29,0.51
Daniel González Güiza,Left Center Forward,167,25.0,33.0,5.0,0.317858565,9.0,27.0,4.0,13.47,17.78,2.69,0.17,4.85,14.55,2.16
Daniel Gómez Alcón,Right Center Forward,184,25.0,34.0,3.0,0.23025487,6.0,23.0,2.0,12.23,16.63,1.47,0.11,2.93,11.25,0.98
Daniel Hernández Santos,Goalkeeper,93,23.0,35.0,0.0,0.0,4.0,1.0,0.0,22.26,33.87,0.0,0.0,3.87,0.97,0.0
Daniel Jarque Gonzalez,Left Center Back,553,86.0,132.0,1.0,0.07458934,13.0,65.0,1.0,14.0,21.48,0.16,0.01,2.12,10.58,0.16
Daniel José Rodríguez Vázquez,Left Midfield,186,68.0,82.0,4.0,0.516165756,18.0,72.0,5.0,32.9,39.68,1.94,0.25,8.71,34.84,2.42
Daniel João Santos Candeias,Left Midfield,90,4.0,6.0,0.0,0.0,0.0,2.0,1.0,4.0,6.0,0.0,0.0,0.0,2.0,1.0
Daniel Nieto Vela,Right Center Forward,91,3.0,5.0,0.0,0.0,2.0,8.0,1.0,2.97,4.95,0.0,0.0,1.98,7.91,0.99
Daniel Parejo Muñoz,Right Center Midfield,4352,2139.0,2616.0,66.0,8.5605446762,266.0,1266.0,49.0,44.23,54.1,1.36,0.18,5.5,26.18,1.01
Daniel Raba Antolín,Right Midfield,151,14.0,21.0,1.0,0.07438257,3.0,30.0,0.0,8.34,12.52,0.6,0.04,1.79,17.88,0.0
Daniel Toribio Gutiérrez,Left Center Midfield,91,16.0,24.0,0.0,0.0,2.0,29.0,0.0,15.82,23.74,0.0,0.0,1.98,28.68,0.0
Daniel Wass,Right Center Midfield,3683,1507.0,1948.0,53.0,4.4828595015,145.0,502.0,23.0,36.83,47.6,1.3,0.11,3.54,12.27,0.56
Daniele Bonera,Right Center Back,1191,432.0,504.0,2.0,0.187640244,21.0,84.0,1.0,32.64,38.09,0.15,0.01,1.59,6.35,0.08
Daniele Verde,Center Attacking Midfield,160,20.0,32.0,2.0,0.098250301,2.0,25.0,1.0,11.25,18.0,1.12,0.06,1.12,14.06,0.56
Danilo Barbosa da Silva,Right Center Midfield,1588,377.0,502.0,16.0,0.876247253,78.0,342.0,26.0,21.37,28.45,0.91,0.05,4.42,19.38,1.47
Danilo Luiz da Silva,Right Back,2133,1260.0,1491.0,18.0,0.958600025,95.0,267.0,16.0,53.16,62.91,0.76,0.04,4.01,11.27,0.68
Darko Brašanac,Right Center Midfield,324,35.0,45.0,1.0,0.20863318,3.0,27.0,2.0,9.72,12.5,0.28,0.06,0.83,7.5,0.56
Darko Kovačević,Center Forward,92,14.0,22.0,2.0,0.088234034,2.0,20.0,0.0,13.7,21.52,1.96,0.09,1.96,19.57,0.0
Darwin Daniel Machís Marcano,Left Wing,442,51.0,84.0,9.0,0.9006356053,29.0,84.0,10.0,10.38,17.1,1.83,0.18,5.9,17.1,2.04
David Aganzo Méndez,Right Center Midfield,165,6.0,7.0,2.0,0.2504386,1.0,10.0,0.0,3.27,3.82,1.09,0.14,0.55,5.45,0.0
David Albelda Aliqués,Left Center Midfield,861,300.0,377.0,4.0,0.2123670635,36.0,255.0,1.0,31.36,39.41,0.42,0.02,3.76,26.66,0.1
David Barral Torres,Center Forward,1936,196.0,283.0,27.0,2.748601033,51.0,221.0,17.0,9.11,13.16,1.26,0.13,2.37,10.27,0.79
David Beckham,Left Defensive Midfield,178,54.0,72.0,0.0,0.0,7.0,34.0,1.0,27.3,36.4,0.0,0.0,3.54,17.19,0.51
David Belenguer Reverter,Right Center Back,275,76.0,86.0,0.0,0.0,7.0,26.0,4.0,24.87,28.15,0.0,0.0,2.29,8.51,1.31
David Carmona Sierra,Right Back,92,20.0,36.0,1.0,0.018405778,7.0,23.0,0.0,19.57,35.22,0.98,0.02,6.85,22.5,0.0
David Castedo Escudero,Left Back,361,101.0,132.0,0.0,0.0,14.0,74.0,2.0,25.18,32.91,0.0,0.0,3.49,18.45,0.5
David Cobeño Iglesias,Goalkeeper,264,68.0,106.0,0.0,0.0,14.0,3.0,0.0,23.18,36.14,0.0,0.0,4.77,1.02,0.0
David Coromina Pararols,Left Back,93,29.0,39.0,0.0,0.0,2.0,16.0,0.0,28.06,37.74,0.0,0.0,1.94,15.48,0.0
David Cortés Caballero,Right Back,639,228.0,295.0,0.0,0.0,39.0,105.0,2.0,32.11,41.55,0.0,0.0,5.49,14.79,0.28
David Costas Cordal,Left Center Back,92,32.0,33.0,0.0,0.0,2.0,5.0,0.0,31.3,32.28,0.0,0.0,1.96,4.89,0.0
David Cuéllar Tainta,Left Wing,155,18.0,25.0,1.0,0.03191575,5.0,14.0,0.0,10.45,14.52,0.58,0.02,2.9,8.13,0.0
David Ferreiro Quiroga,Right Center Midfield,168,34.0,40.0,1.0,0.03496348,11.0,34.0,5.0,18.21,21.43,0.54,0.02,5.89,18.21,2.68
David García De La Cruz,Left Back,272,72.0,84.0,0.0,0.0,4.0,19.0,1.0,23.82,27.79,0.0,0.0,1.32,6.29,0.33
David García Santana,Right Back,1775,794.0,996.0,9.0,0.849670647,54.0,154.0,3.0,40.26,50.5,0.46,0.04,2.74,7.81,0.15
David García Zubiría,Left Center Back,280,52.0,74.0,1.0,0.15743414,4.0,29.0,0.0,16.71,23.79,0.32,0.05,1.29,9.32,0.0
David Generelo Miranda,Center Defensive Midfield,147,15.0,21.0,0.0,0.0,1.0,31.0,1.0,9.18,12.86,0.0,0.0,0.61,18.98,0.61
David Gutiérrez de Coz,Right Back,92,15.0,24.0,1.0,0.009600398,4.0,27.0,1.0,14.67,23.48,0.98,0.01,3.91,26.41,0.98
David Josué Jiménez Silva,Center Attacking Midfield,711,255.0,331.0,7.0,0.944174297,49.0,207.0,10.0,32.28,41.9,0.89,0.12,6.2,26.2,1.27
David Juncà Reñé,Left Back,3029,947.0,1398.0,9.0,0.3303019975,100.0,398.0,26.0,28.14,41.54,0.27,0.01,2.97,11.83,0.77
David López Moreno,Right Wing,587,115.0,165.0,3.0,0.0740278575,26.0,91.0,7.0,17.63,25.3,0.46,0.01,3.99,13.95,1.07
David López Silva,Right Center Back,790,200.0,260.0,4.0,0.357368722,35.0,131.0,3.0,22.78,29.62,0.46,0.04,3.99,14.92,0.34
David Mateos Ramajo,Left Center Back,90,13.0,19.0,0.0,0.0,0.0,23.0,0.0,13.0,19.0,0.0,0.0,0.0,23.0,0.0
David Navarro Pedrós,Right Center Back,2413,668.0,830.0,8.0,0.655677226,66.0,148.0,12.0,24.92,30.96,0.3,0.02,2.46,5.52,0.45
David Omar Rodríguez Barrera,Right Defensive Midfield,175,54.0,63.0,0.0,0.0,11.0,45.0,0.0,27.77,32.4,0.0,0.0,5.66,23.14,0.0
David Prieto Gálvez,Left Center Back,93,19.0,24.0,0.0,0.0,3.0,9.0,0.0,18.39,23.23,0.0,0.0,2.9,8.71,0.0
David Remeseiro Salgueiro,Right Midfield,353,58.0,83.0,4.0,0.197816664,14.0,59.0,5.0,14.79,21.16,1.02,0.05,3.57,15.04,1.27
David Rodríguez Lombán,Left Center Back,3273,863.0,1093.0,12.0,0.906136307,81.0,266.0,3.0,23.73,30.05,0.33,0.02,2.23,7.31,0.08
David Sergio Trézéguet,Center Forward,185,36.0,48.0,3.0,0.828379412,6.0,21.0,2.0,17.51,23.35,1.46,0.4,2.92,10.22,0.97
David Simón Rodríguez Santana,Right Back,2453,1107.0,1411.0,12.0,1.124173401,119.0,381.0,20.0,40.62,51.77,0.44,0.04,4.37,13.98,0.73
David Soria Solís,Goalkeeper,550,65.0,148.0,0.0,0.0,28.0,0.0,0.0,10.64,24.22,0.0,0.0,4.58,0.0,0.0
David Timor Copoví,Center Attacking Midfield,370,9.0,21.0,2.0,0.039262934,1.0,8.0,1.0,2.19,5.11,0.49,0.01,0.24,1.95,0.24
David Villa Sánchez,Left Wing,6286,1251.0,1592.0,191.0,23.1150994897,154.0,583.0,95.0,17.91,22.79,2.73,0.33,2.2,8.35,1.36
David Zurutuza Veillet,Left Wing,2038,673.0,856.0,21.0,2.1436378504,121.0,497.0,25.0,29.72,37.8,0.93,0.09,5.34,21.95,1.1
David de Gea Quintana,Goalkeeper,268,42.0,83.0,0.0,0.0,18.0,0.0,0.0,14.1,27.87,0.0,0.0,6.04,0.0,0.0
Dejan Dražić,Right Wing,518,20.0,25.0,1.0,0.08492896,6.0,18.0,3.0,3.47,4.34,0.17,0.01,1.04,3.13,0.52
Dejan Lekić,Center Forward,161,19.0,33.0,2.0,0.6786643,3.0,20.0,0.0,10.62,18.45,1.12,0.38,1.68,11.18,0.0
Delio Cesar Toledo,Left Back,159,41.0,65.0,0.0,0.0,3.0,27.0,2.0,23.21,36.79,0.0,0.0,1.7,15.28,1.13
Denis Cheryshev,Left Wing,1287,260.0,397.0,24.0,2.02002208,48.0,281.0,12.0,18.18,27.76,1.68,0.14,3.36,19.65,0.84
Denis Suárez Fernández,Left Midfield,6925,1775.0,2356.0,62.0,6.0260158475,233.0,948.0,92.0,23.07,30.62,0.81,0.08,3.03,12.32,1.2
Denis Vavro,Right Center Back,91,6.0,6.0,0.0,0.0,0.0,2.0,0.0,5.93,5.93,0.0,0.0,0.0,1.98,0.0
Derek Owusu Boateng,Left Center Midfield,356,121.0,137.0,2.0,0.12910753000000003,15.0,55.0,2.0,30.59,34.63,0.51,0.03,3.79,13.9,0.51
Deyverson Brum Silva Acosta,Right Center Forward,3039,394.0,694.0,73.0,8.540932323,105.0,500.0,18.0,11.67,20.55,2.16,0.25,3.11,14.81,0.53
Didier Digard,Center Defensive Midfield,692,123.0,165.0,2.0,0.0223828234,19.0,64.0,2.0,16.0,21.46,0.26,0.0,2.47,8.32,0.26
Didier Domi,Left Back,90,24.0,32.0,0.0,0.0,4.0,16.0,0.0,24.0,32.0,0.0,0.0,4.0,16.0,0.0
Diego Alberto Milito,Center Forward,458,111.0,141.0,10.0,2.093292097,18.0,53.0,8.0,21.81,27.71,1.97,0.41,3.54,10.41,1.57
Diego Alejandro Rolan Silva,Center Forward,90,13.0,16.0,1.0,0.057409506,1.0,46.0,3.0,13.0,16.0,1.0,0.06,1.0,46.0,3.0
Diego Alende López,Right Center Back,91,6.0,6.0,0.0,0.0,0.0,5.0,0.0,5.93,5.93,0.0,0.0,0.0,4.95,0.0
Diego Alves Carreira,Goalkeeper,2444,488.0,835.0,0.0,0.0,103.0,9.0,1.0,17.97,30.75,0.0,0.0,3.79,0.33,0.04
Diego Antonio Reyes Rosales,Right Center Back,2570,922.0,1130.0,11.0,1.540850529,102.0,268.0,15.0,32.29,39.57,0.39,0.05,3.57,9.39,0.53
Diego Camacho Quesada,Right Center Midfield,184,22.0,35.0,1.0,0.0061889533,10.0,17.0,0.0,10.76,17.12,0.49,0.0,4.89,8.32,0.0
Diego Carlos Santos Silva,Left Center Back,314,137.0,157.0,0.0,0.0,8.0,20.0,0.0,39.27,45.0,0.0,0.0,2.29,5.73,0.0
Diego Castro Giménez,Left Wing,752,136.0,197.0,4.0,0.211050139,44.0,178.0,15.0,16.28,23.58,0.48,0.03,5.27,21.3,1.8
Diego Daniel Colotto,Right Center Back,352,46.0,78.0,2.0,0.073126441,16.0,32.0,3.0,11.76,19.94,0.51,0.02,4.09,8.18,0.77
Diego Forlán Corazo,Right Center Forward,715,165.0,239.0,16.0,2.920492681,16.0,68.0,10.0,20.77,30.08,2.01,0.37,2.01,8.56,1.26
Diego González Polanco,Left Center Back,184,43.0,48.0,2.0,0.31340444,4.0,16.0,0.0,21.03,23.48,0.98,0.15,1.96,7.83,0.0
Diego Ifrán Sala,Center Forward,240,15.0,25.0,2.0,0.55965833,4.0,38.0,2.0,5.62,9.38,0.75,0.21,1.5,14.25,0.75
Diego Javier Llorente Ríos,Right Center Back,3418,1438.0,1738.0,15.0,1.1379153775,196.0,502.0,30.0,37.86,45.76,0.39,0.03,5.16,13.22,0.79
Diego Lainez Leyva,Right Center Forward,91,7.0,10.0,0.0,0.0,1.0,7.0,2.0,6.92,9.89,0.0,0.0,0.99,6.92,1.98
Diego López Rodríguez,Goalkeeper,1495,253.0,426.0,0.0,0.0,67.0,5.0,0.0,15.23,25.65,0.0,0.0,4.03,0.3,0.0
Diego Mainz García,Left Center Back,814,170.0,213.0,2.0,0.276654365,19.0,69.0,1.0,18.8,23.55,0.22,0.03,2.1,7.63,0.11
Diego Mario Buonanotte Rende,Left Wing,244,38.0,49.0,3.0,0.153197707,5.0,16.0,1.0,14.02,18.07,1.11,0.06,1.84,5.9,0.37
Diego Mariño Villar,Goalkeeper,2282,613.0,890.0,0.0,0.0,142.0,3.0,1.0,24.18,35.1,0.0,0.0,5.6,0.12,0.04
Diego Perotti,Left Midfield,226,23.0,30.0,2.0,0.03183705,4.0,33.0,5.0,9.16,11.95,0.8,0.01,1.59,13.14,1.99
Diego Rico Salguero,Left Back,270,80.0,116.0,1.0,0.008090714,15.0,50.0,4.0,26.67,38.67,0.33,0.0,5.0,16.67,1.33
Diego Rivas Gutiérrez,Right Defensive Midfield,418,122.0,147.0,0.0,0.0,23.0,111.0,0.0,26.27,31.65,0.0,0.0,4.95,23.9,0.0
Diego Roberto Godín Leal,Left Center Back,4323,1212.0,1564.0,40.0,4.385206371,168.0,425.0,18.0,25.23,32.56,0.83,0.09,3.5,8.85,0.37
Diego Rodolfo Placente,Left Back,91,51.0,59.0,0.0,0.0,5.0,11.0,2.0,50.44,58.35,0.0,0.0,4.95,10.88,1.98
Diego da Silva Costa,Left Center Forward,962,166.0,236.0,12.0,1.0536907377,32.0,179.0,10.0,15.53,22.08,1.12,0.1,2.99,16.75,0.94
Diego Ángel Capel Trinidad,Left Midfield,611,61.0,90.0,6.0,0.974873291,14.0,69.0,3.0,8.99,13.26,0.88,0.14,2.06,10.16,0.44
Dimas Delgado Morgado,Left Center Midfield,91,14.0,18.0,0.0,0.0,3.0,26.0,0.0,13.85,17.8,0.0,0.0,2.97,25.71,0.0
Dimitri Foulquier,Right Back,2521,666.0,882.0,7.0,0.9573423605000001,108.0,392.0,31.0,23.78,31.49,0.25,0.03,3.86,13.99,1.11
Dimitrios Siovas,Left Center Back,627,119.0,160.0,0.0,0.0,25.0,82.0,2.0,17.08,22.97,0.0,0.0,3.59,11.77,0.29
Diogo Ferreira Salomão,Right Wing,267,28.0,40.0,1.0,0.056429744,4.0,24.0,3.0,9.44,13.48,0.34,0.02,1.35,8.09,1.01
Diogo José Rosário Gomes Figueiras,Right Back,459,146.0,206.0,3.0,0.028079793,30.0,99.0,5.0,28.63,40.39,0.59,0.01,5.88,19.41,0.98
Djené Dakonam Ortega,Right Center Back,645,109.0,144.0,2.0,0.12097498200000001,28.0,62.0,2.0,15.21,20.09,0.28,0.02,3.91,8.65,0.28
Dmytro Chygrynskiy,Left Center Back,1010,651.0,692.0,2.0,0.25396949,24.0,47.0,0.0,58.01,61.66,0.18,0.02,2.14,4.19,0.0
Domingo Cisma González,Left Back,672,192.0,265.0,1.0,0.12592292,25.0,110.0,7.0,25.71,35.49,0.13,0.02,3.35,14.73,0.94
Domingo Nagore Arbizu,Left Center Midfield,167,34.0,50.0,3.0,0.111740697,6.0,12.0,1.0,18.32,26.95,1.62,0.06,3.23,6.47,0.54
Domingos Sousa Coutinho Meneses Duarte,Right Center Back,260,63.0,71.0,0.0,0.0,7.0,15.0,0.0,21.81,24.58,0.0,0.0,2.42,5.19,0.0
Dorlan Mauricio Pabón Ríos,Left Wing,173,43.0,58.0,3.0,0.348231121,14.0,42.0,4.0,22.37,30.17,1.56,0.18,7.28,21.85,2.08
Douglas Luiz Soares de Paulo,Center Attacking Midfield,365,57.0,67.0,3.0,0.201999154,12.0,54.0,1.0,14.05,16.52,0.74,0.05,2.96,13.32,0.25
Douglas Pereira dos Santos,Right Back,303,94.0,111.0,0.0,0.0,7.0,35.0,4.0,27.92,32.97,0.0,0.0,2.08,10.4,1.19
Dudú Aouate,Goalkeeper,908,134.0,284.0,0.0,0.0,50.0,7.0,0.0,13.28,28.15,0.0,0.0,4.96,0.69,0.0
Duje Čop,Right Center Forward,2503,474.0,697.0,49.0,8.4229235944,74.0,397.0,17.0,17.04,25.06,1.76,0.3,2.66,14.27,0.61
Dídac Vilá Rosselló,Left Back,890,232.0,327.0,4.0,0.34302589,32.0,183.0,0.0,23.46,33.07,0.4,0.03,3.24,18.51,0.0
Eddy Silvestre Pascual İsrafilov,Left Defensive Midfield,638,72.0,98.0,3.0,0.153387193,15.0,70.0,0.0,10.16,13.82,0.42,0.02,2.12,9.87,0.0
Edgar Antonio Méndez Ortega,Left Wing,1772,215.0,330.0,16.0,0.7488867762,54.0,249.0,16.0,10.92,16.76,0.81,0.04,2.74,12.65,0.81
Edgar Badía Guardiola,Goalkeeper,92,30.0,38.0,0.0,0.0,3.0,0.0,0.0,29.35,37.17,0.0,0.0,2.93,0.0,0.0
Edgar Patricio De Carvalho Pacheco,Right Midfield,141,10.0,22.0,2.0,0.21119556,10.0,12.0,1.0,6.38,14.04,1.28,0.13,6.38,7.66,0.64
Edinaldo Gomes Pereira,Right Center Back,362,48.0,65.0,0.0,0.0,8.0,37.0,0.0,11.93,16.16,0.0,0.0,1.99,9.2,0.0
Edson Ramos de Silva,Right Back,92,19.0,24.0,0.0,0.0,4.0,14.0,1.0,18.59,23.48,0.0,0.0,3.91,13.7,0.98
Eduardo Antonio Salvio,Right Wing,181,11.0,16.0,0.0,0.0,4.0,19.0,0.0,5.47,7.96,0.0,0.0,1.99,9.45,0.0
Eduardo Bedia Peláez,Center Defensive Midfield,91,3.0,5.0,0.0,0.0,0.0,20.0,0.0,2.97,4.95,0.0,0.0,0.0,19.78,0.0
Eduardo César Daude Gaspar,Left Defensive Midfield,178,50.0,60.0,0.0,0.0,11.0,19.0,0.0,25.28,30.34,0.0,0.0,5.56,9.61,0.0
Eduardo Expósito Jaén,Left Defensive Midfield,174,43.0,51.0,1.0,0.030960035,8.0,32.0,2.0,22.24,26.38,0.52,0.02,4.14,16.55,1.03
Eduardo Jesús Vargas Rojas,Center Forward,93,2.0,3.0,0.0,0.0,2.0,2.0,0.0,1.94,2.9,0.0,0.0,1.94,1.94,0.0
Eduardo Moya Castillo,Right Center Back,93,10.0,15.0,0.0,0.0,1.0,3.0,1.0,9.68,14.52,0.0,0.0,0.97,2.9,0.97
Eduardo Nascimento Costa,Right Defensive Midfield,94,25.0,37.0,2.0,0.033387313,12.0,7.0,0.0,23.94,35.43,1.91,0.03,11.49,6.7,0.0
Eduardo Ramos Gómez,Right Center Midfield,90,9.0,13.0,0.0,0.0,3.0,12.0,0.0,9.0,13.0,0.0,0.0,3.0,12.0,0.0
Egor Filipenko,Left Center Back,649,132.0,179.0,8.0,0.422316535,21.0,56.0,0.0,18.31,24.82,1.11,0.06,2.91,7.77,0.0
Eiður Smári Guðjohnsen,Left Center Midfield,3983,624.0,769.0,43.0,6.027427328,92.0,242.0,40.0,14.1,17.38,0.97,0.14,2.08,5.47,0.9
Elderson Uwa Echiejile,Left Back,92,18.0,23.0,0.0,0.0,2.0,16.0,1.0,17.61,22.5,0.0,0.0,1.96,15.65,0.98
Eliaquim Mangala,Left Center Back,132,12.0,18.0,2.0,0.29289153,3.0,12.0,1.0,8.18,12.27,1.36,0.2,2.05,8.18,0.68
Elias Mendes Trindade,Left Wing,91,7.0,7.0,0.0,0.0,2.0,3.0,0.0,6.92,6.92,0.0,0.0,1.98,2.97,0.0
Eliseu Pereira dos Santos,Left Wing,606,115.0,176.0,9.0,0.31449802050000003,32.0,123.0,11.0,17.08,26.14,1.34,0.05,4.75,18.27,1.63
Elton Giovanni Machado,Left Center Midfield,93,7.0,9.0,0.0,0.0,7.0,19.0,1.0,6.77,8.71,0.0,0.0,6.77,18.39,0.97
Emanuel Cecchini,Right Defensive Midfield,92,15.0,16.0,1.0,0.024189726,2.0,8.0,1.0,14.67,15.65,0.98,0.02,1.96,7.83,0.98
Emerson Aparecido Leite de Souza Junior,Right Back,368,110.0,133.0,0.0,0.0,12.0,55.0,2.0,26.9,32.53,0.0,0.0,2.93,13.45,0.49
Emiliano Adrián Insúa Zapata,Left Back,274,100.0,120.0,3.0,0.08401393,14.0,23.0,1.0,32.85,39.42,0.99,0.03,4.6,7.55,0.33
Emiliano Buendía,Right Back,1577,326.0,396.0,14.0,0.8662671630000001,73.0,240.0,11.0,18.6,22.6,0.8,0.05,4.17,13.7,0.63
Emiliano Daniel Armenteros,Left Wing,327,50.0,77.0,3.0,0.067939902,15.0,80.0,3.0,13.76,21.19,0.83,0.02,4.13,22.02,0.83
Emiliano Daniel Velázquez Maldonado,Right Center Back,1261,294.0,442.0,10.0,1.1372937090000002,55.0,169.0,7.0,20.98,31.55,0.71,0.08,3.93,12.06,0.5
Emiliano Moretti,Left Back,339,69.0,105.0,0.0,0.0,7.0,37.0,0.0,18.32,27.88,0.0,0.0,1.86,9.82,0.0
Emilio José Viqueira Moure,Left Defensive Midfield,91,27.0,32.0,3.0,0.876203026,3.0,2.0,1.0,26.7,31.65,2.97,0.87,2.97,1.98,0.99
Emilio Nsue López,Right Wing,456,81.0,129.0,3.0,0.312988892,21.0,61.0,6.0,15.99,25.46,0.59,0.06,4.14,12.04,1.18
Emir Spahić,Left Center Back,159,44.0,55.0,0.0,0.0,7.0,37.0,2.0,24.91,31.13,0.0,0.0,3.96,20.94,1.13
Emmanuel Adebayor,Center Forward,93,5.0,9.0,0.0,0.0,0.0,4.0,0.0,4.84,8.71,0.0,0.0,0.0,3.87,0.0
Emmanuel Okyere Boateng,Center Forward,134,18.0,23.0,3.0,0.364456926,3.0,35.0,1.0,12.09,15.45,2.01,0.24,2.01,23.51,0.67
Emre Mor,Right Center Forward,151,20.0,26.0,1.0,0.04559686,4.0,20.0,2.0,11.92,15.5,0.6,0.03,2.38,11.92,1.19
Emre Çolak,Center Attacking Midfield,299,98.0,124.0,6.0,0.558109513,17.0,47.0,5.0,29.5,37.32,1.81,0.17,5.12,14.15,1.51
Eneko Bóveda Altube,Right Back,2420,825.0,1105.0,5.0,0.338055554,92.0,304.0,14.0,30.68,41.1,0.19,0.01,3.42,11.31,0.52
Eneko Capilla González,Left Wing,92,3.0,5.0,1.0,0.039933976,1.0,1.0,1.0,2.93,4.89,0.98,0.04,0.98,0.98,0.98
Enes Ünal,Right Center Forward,610,62.0,79.0,7.0,1.040392343,11.0,53.0,1.0,9.15,11.66,1.03,0.15,1.62,7.82,0.15
Enis Bardhi,Left Midfield,395,110.0,139.0,7.0,0.515017223,13.0,61.0,4.0,25.06,31.67,1.59,0.12,2.96,13.9,0.91
Enric Gallego Puigsech,Left Center Forward,258,5.0,8.0,0.0,0.0,0.0,10.0,0.0,1.74,2.79,0.0,0.0,0.0,3.49,0.0
Enrique Barja Afonso,Left Center Forward,250,21.0,35.0,3.0,0.366694747,2.0,30.0,2.0,7.56,12.6,1.08,0.13,0.72,10.8,0.72
Enrique Corrales Martín,Left Back,180,47.0,64.0,0.0,0.0,7.0,12.0,4.0,23.5,32.0,0.0,0.0,3.5,6.0,2.0
Enrique Fernando Ortiz Moruno,Right Wing,92,23.0,32.0,3.0,0.158329327,4.0,14.0,2.0,22.5,31.3,2.93,0.15,3.91,13.7,1.96
Enrique García Martínez,Left Center Forward,458,47.0,63.0,6.0,0.36221745699999996,13.0,63.0,1.0,9.24,12.38,1.18,0.07,2.55,12.38,0.2
Enrique González Casín,Center Forward,91,3.0,4.0,0.0,0.0,0.0,8.0,0.0,2.97,3.96,0.0,0.0,0.0,7.91,0.0
Enrique Mateo Montoya,Right Center Forward,182,14.0,20.0,2.0,0.06837048700000001,10.0,18.0,0.0,6.92,9.89,0.99,0.03,4.95,8.9,0.0
Enrique Pérez Muñoz,Left Midfield,185,61.0,65.0,4.0,0.331664257,13.0,38.0,6.0,29.68,31.62,1.95,0.16,6.32,18.49,2.92
Enrique Sola Clemente,Center Forward,599,36.0,61.0,5.0,0.315655403,7.0,58.0,1.0,5.41,9.17,0.75,0.05,1.05,8.71,0.15
Enrique de Lucas Martínez,Right Midfield,259,34.0,49.0,2.0,0.14398332400000002,11.0,54.0,2.0,11.81,17.03,0.69,0.05,3.82,18.76,0.69
Enzo Alan Zidane Fernández,Right Center Midfield,92,7.0,10.0,0.0,0.0,2.0,6.0,1.0,6.85,9.78,0.0,0.0,1.96,5.87,0.98
Enzo Maresca,Left Defensive Midfield,361,84.0,122.0,2.0,0.07233980400000001,18.0,84.0,1.0,20.94,30.42,0.5,0.02,4.49,20.94,0.25
Enzo Nicolás Pérez,Center Defensive Midfield,1693,654.0,758.0,6.0,0.163569556,81.0,327.0,18.0,34.77,40.3,0.32,0.01,4.31,17.38,0.96
Enzo Pablo Roco Roco,Left Center Back,3075,801.0,1004.0,12.0,1.048043029,79.0,247.0,6.0,23.44,29.39,0.35,0.03,2.31,7.23,0.18
Eric Bertrand Bailly,Right Center Back,2118,655.0,847.0,4.0,0.40905513200000004,101.0,198.0,12.0,27.83,35.99,0.17,0.02,4.29,8.41,0.51
Eric-Sylvain Bilal Abidal,Left Back,9004,5828.0,6777.0,17.0,1.2493664453,611.0,1052.0,85.0,58.25,67.74,0.17,0.01,6.11,10.52,0.85
Erick Cathriel Cabaco Almada,Right Center Back,347,54.0,71.0,2.0,0.143036613,6.0,28.0,0.0,14.01,18.41,0.52,0.04,1.56,7.26,0.0
Erik Morán Arribas,Center Defensive Midfield,127,41.0,47.0,0.0,0.0,8.0,17.0,2.0,29.06,33.31,0.0,0.0,5.67,12.05,1.42
Ermedin Demirović,Left Center Forward,93,0.0,2.0,0.0,0.0,0.0,9.0,0.0,0.0,1.94,0.0,0.0,0.0,8.71,0.0
Ernesto Galán Iñigo,Right Back,90,27.0,38.0,0.0,0.0,7.0,13.0,0.0,27.0,38.0,0.0,0.0,7.0,13.0,0.0
Ersen Martin,Left Center Forward,90,2.0,3.0,0.0,0.0,1.0,2.0,0.0,2.0,3.0,0.0,0.0,1.0,2.0,0.0
Esteban Andrés Suárez,Goalkeeper,273,38.0,82.0,0.0,0.0,14.0,0.0,2.0,12.53,27.03,0.0,0.0,4.62,0.0,0.66
Esteban Félix Granero Molina,Right Center Midfield,2178,562.0,724.0,10.0,0.415105025,78.0,397.0,13.0,23.22,29.92,0.41,0.02,3.22,16.4,0.54
Esteban Rodrigo Burgos,Right Center Back,91,16.0,19.0,0.0,0.0,7.0,5.0,1.0,15.82,18.79,0.0,0.0,6.92,4.95,0.99
Ewerthon Henrique de Souza,Right Center Forward,426,63.0,90.0,8.0,1.044976622,13.0,40.0,3.0,13.31,19.01,1.69,0.22,2.75,8.45,0.63
Ezequiel Luna,Right Back,171,35.0,49.0,0.0,0.0,4.0,38.0,0.0,18.42,25.79,0.0,0.0,2.11,20.0,0.0
Ezequiel Marcelo Garay,Right Center Back,1000,221.0,300.0,5.0,1.906517116,26.0,80.0,0.0,19.89,27.0,0.45,0.17,2.34,7.2,0.0
Ezequiel Muñoz,Right Center Back,91,17.0,22.0,0.0,0.0,0.0,11.0,0.0,16.81,21.76,0.0,0.0,0.0,10.88,0.0
Fabian Lukas Schär,Left Center Back,182,44.0,57.0,3.0,0.76072275,6.0,27.0,2.0,21.76,28.19,1.48,0.38,2.97,13.35,0.99
Fabiano Eler dos Santos,Left Center Back,163,31.0,39.0,0.0,0.0,4.0,11.0,0.0,17.12,21.53,0.0,0.0,2.21,6.07,0.0
Fabio Cannavaro,Left Center Back,262,46.0,59.0,0.0,0.0,4.0,51.0,0.0,15.8,20.27,0.0,0.0,1.37,17.52,0.0
Fabio Celestini,Right Defensive Midfield,356,176.0,225.0,3.0,0.260150513,26.0,65.0,1.0,44.49,56.88,0.76,0.07,6.57,16.43,0.25
Fabio Coltorti,Goalkeeper,182,37.0,59.0,0.0,0.0,17.0,0.0,0.0,18.3,29.18,0.0,0.0,8.41,0.0,0.0
Fabián Ariel Orellana Valenzuela,Right Wing,4248,1550.0,2109.0,95.0,10.0693224088,277.0,604.0,122.0,32.84,44.68,2.01,0.21,5.87,12.8,2.58
Fabián Larry Estoyanoff Poggio,Right Wing,275,37.0,54.0,4.0,0.871183808,11.0,54.0,7.0,12.11,17.67,1.31,0.29,3.6,17.67,2.29
Fabián Ruiz Peña,Center Attacking Midfield,1147,264.0,324.0,8.0,0.280419377,37.0,158.0,9.0,20.71,25.42,0.63,0.02,2.9,12.4,0.71
Fabricio Coloccini,Right Back,231,51.0,69.0,2.0,0.0368352573,14.0,51.0,0.0,19.87,26.88,0.78,0.01,5.45,19.87,0.0
Fabricio Fabio Fuentes,Right Center Back,184,14.0,28.0,0.0,0.0,7.0,16.0,0.0,6.85,13.7,0.0,0.0,3.42,7.83,0.0
Fabricio Martín Agosto Ramírez,Goalkeeper,184,32.0,65.0,0.0,0.0,7.0,2.0,0.0,15.65,31.79,0.0,0.0,3.42,0.98,0.0
Facundo Sebastián Roncaglia,Right Center Back,365,119.0,151.0,3.0,0.140631737,20.0,60.0,1.0,29.34,37.23,0.74,0.03,4.93,14.79,0.25
Fausto Antonio Tienza Nuñez,Center Defensive Midfield,91,12.0,20.0,0.0,0.0,4.0,34.0,0.0,11.87,19.78,0.0,0.0,3.96,33.63,0.0
Fausto Rossi,Right Midfield,183,27.0,49.0,3.0,0.31559934,8.0,58.0,2.0,13.28,24.1,1.48,0.16,3.93,28.52,0.98
Fayçal Fajr,Right Wing,3753,1345.0,1797.0,53.0,3.1248843614,175.0,617.0,27.0,32.25,43.09,1.27,0.07,4.2,14.8,0.65
Federico Julián Fazio,Right Center Back,775,215.0,291.0,1.0,0.054777976,23.0,75.0,7.0,24.97,33.79,0.12,0.01,2.67,8.71,0.81
Federico Nicolás Cartabia,Right Wing,2373,509.0,687.0,56.0,2.2189311011,103.0,405.0,44.0,19.3,26.06,2.12,0.08,3.91,15.36,1.67
Federico Piovaccari,Left Center Forward,183,13.0,18.0,2.0,0.22940587,2.0,15.0,2.0,6.39,8.85,0.98,0.11,0.98,7.38,0.98
Federico Ricca Rostagnol,Left Back,779,261.0,385.0,2.0,0.319374878,42.0,101.0,3.0,30.15,44.48,0.23,0.04,4.85,11.67,0.35
Federico San Emeterio Díaz,Right Center Midfield,93,35.0,40.0,0.0,0.0,5.0,24.0,0.0,33.87,38.71,0.0,0.0,4.84,23.23,0.0
Federico Santiago Valverde Dipetta,Right Center Midfield,474,155.0,192.0,7.0,0.5210927949999999,16.0,84.0,2.0,29.43,36.46,1.33,0.1,3.04,15.95,0.38
Federico Vico Villegas,Right Wing,181,3.0,6.0,1.0,0.046337903,0.0,13.0,2.0,1.49,2.98,0.5,0.02,0.0,6.46,0.99
Felipe Augusto de Almeida Monteiro,Center Back,361,56.0,62.0,3.0,0.292925266,7.0,29.0,0.0,13.96,15.46,0.75,0.07,1.75,7.23,0.0
Felipe Mattioni Rohde,Right Back,92,37.0,43.0,2.0,0.0538795684,7.0,16.0,0.0,36.2,42.07,1.96,0.05,6.85,15.65,0.0
Felipe Melo de Carvalho,Left Center Midfield,246,53.0,74.0,2.0,0.09842737800000001,18.0,55.0,10.0,19.39,27.07,0.73,0.04,6.59,20.12,3.66
Felipe Salvador Caicedo Corozo,Center Forward,2814,439.0,602.0,47.0,8.061822552,52.0,455.0,43.0,14.04,19.25,1.5,0.26,1.66,14.55,1.38
Felix Dja Ettien Yohou,Right Wing,269,34.0,45.0,1.0,0.07727127,5.0,17.0,1.0,11.38,15.06,0.33,0.03,1.67,5.69,0.33
Ferland Mendy,Left Back,281,118.0,145.0,0.0,0.0,13.0,34.0,4.0,37.79,46.44,0.0,0.0,4.16,10.89,1.28
Fernando Amorebieta Mardaras,Left Center Back,801,144.0,201.0,1.0,0.048437044,19.0,89.0,4.0,16.18,22.58,0.11,0.01,2.13,10.0,0.45
Fernando Calero Villa,Left Center Back,252,91.0,107.0,0.0,0.0,10.0,34.0,1.0,32.5,38.21,0.0,0.0,3.57,12.14,0.36
Fernando Damián Tissone,Right Defensive Midfield,1207,470.0,617.0,9.0,0.2494808423,82.0,223.0,14.0,35.05,46.01,0.67,0.02,6.11,16.63,1.04
Fernando Francisco Reges,Center Defensive Midfield,367,158.0,173.0,1.0,0.08531089,14.0,77.0,2.0,38.75,42.43,0.25,0.02,3.43,18.88,0.49
Fernando José Torres Sanz,Left Center Forward,3134,318.0,493.0,69.0,8.8335299399,81.0,395.0,42.0,9.13,14.16,1.98,0.25,2.33,11.34,1.21
Fernando Llorente Torres,Center Forward,2720,374.0,576.0,47.0,7.072445342,52.0,337.0,16.0,12.38,19.06,1.56,0.23,1.72,11.15,0.53
Fernando Martín Forestieri,Center Attacking Midfield,184,8.0,9.0,0.0,0.0,5.0,32.0,0.0,3.91,4.4,0.0,0.0,2.45,15.65,0.0
Fernando Miguel Fernández Escribano,Right Wing,380,56.0,86.0,3.0,0.3786254196,11.0,58.0,1.0,13.26,20.37,0.71,0.09,2.61,13.74,0.24
Fernando Morientes Sánchez,Right Center Forward,106,21.0,32.0,2.0,0.34835335999999995,4.0,29.0,2.0,17.83,27.17,1.7,0.3,3.4,24.62,1.7
Fernando Navarro i Corbacho,Left Back,4340,1613.0,2165.0,4.0,0.062358993,178.0,611.0,30.0,33.45,44.9,0.08,0.0,3.69,12.67,0.62
Fernando Niño Rodriguez,Center Forward,93,5.0,7.0,0.0,0.0,0.0,1.0,0.0,4.84,6.77,0.0,0.0,0.0,0.97,0.0
Fernando Pacheco Flores,Goalkeeper,821,141.0,243.0,0.0,0.0,40.0,1.0,0.0,15.46,26.64,0.0,0.0,4.38,0.11,0.0
Fernando Rubén Gago,Left Defensive Midfield,548,227.0,285.0,4.0,0.082371059,23.0,194.0,6.0,37.28,46.81,0.66,0.01,3.78,31.86,0.99
Fernando Sanz Durán,Left Center Back,177,21.0,27.0,0.0,0.0,5.0,6.0,0.0,10.68,13.73,0.0,0.0,2.54,3.05,0.0
Fernando Soriano Marco,Center Attacking Midfield,632,118.0,172.0,6.0,0.4166992134,16.0,147.0,1.0,16.8,24.49,0.85,0.06,2.28,20.93,0.14
Fernando Varela Ramos,Right Wing,359,77.0,112.0,6.0,0.1695537253,14.0,76.0,12.0,19.3,28.08,1.5,0.04,3.51,19.05,3.01
Fernando Vega Torres,Left Back,179,44.0,68.0,0.0,0.0,4.0,22.0,0.0,22.12,34.19,0.0,0.0,2.01,11.06,0.0
Ferrán Corominas Telechea,Left Wing,850,70.0,103.0,8.0,1.1265120935,27.0,84.0,9.0,7.41,10.91,0.85,0.12,2.86,8.89,0.95
Ferrán Torres García,Right Midfield,182,29.0,41.0,0.0,0.0,7.0,47.0,1.0,14.34,20.27,0.0,0.0,3.46,23.24,0.49
Fidel Chaves de la Torre,Left Wing,274,41.0,61.0,0.0,0.0,5.0,14.0,4.0,13.47,20.04,0.0,0.0,1.64,4.6,1.31
Filip Bradarić,Center Defensive Midfield,93,16.0,20.0,0.0,0.0,1.0,8.0,0.0,15.48,19.35,0.0,0.0,0.97,7.74,0.0
Filipe Augusto Carvalho Souza,Left Center Midfield,92,0.0,1.0,0.0,0.0,0.0,2.0,0.0,0.0,0.98,0.0,0.0,0.0,1.96,0.0
Filipe Luís Kasmirski,Left Back,4042,2121.0,2733.0,13.0,0.5985525043,215.0,802.0,89.0,47.23,60.85,0.29,0.01,4.79,17.86,1.98
Florent Sinama-Pongolle,Left Center Forward,595,83.0,109.0,6.0,1.173331121,19.0,68.0,3.0,12.55,16.49,0.91,0.18,2.87,10.29,0.45
Florian Grégoire Claude Lejeune,Left Center Back,367,55.0,79.0,3.0,0.131291997,11.0,46.0,0.0,13.49,19.37,0.74,0.03,2.7,11.28,0.0
Florin Andone,Left Center Forward,271,27.0,34.0,8.0,0.729928465,3.0,49.0,3.0,8.97,11.29,2.66,0.24,1.0,16.27,1.0
Flávio Nunes Ferreira,Left Center Back,92,14.0,17.0,0.0,0.0,0.0,3.0,0.0,13.7,16.63,0.0,0.0,0.0,2.93,0.0
Foued Kadir,Right Wing,601,215.0,287.0,10.0,0.35851372800000003,36.0,91.0,13.0,32.2,42.98,1.5,0.05,5.39,13.63,1.95
Francesc Aday Benítez Caraballo,Left Wing Back,205,72.0,95.0,1.0,0.028683474,10.0,23.0,3.0,31.61,41.71,0.44,0.01,4.39,10.1,1.32
Francesc Arnau,Goalkeeper,182,20.0,54.0,0.0,0.0,11.0,0.0,0.0,9.89,26.7,0.0,0.0,5.44,0.0,0.0
Francesc Fàbregas i Soler,Left Center Midfield,6673,4612.0,5345.0,113.0,13.253102675,296.0,1065.0,110.0,62.2,72.09,1.52,0.18,3.99,14.36,1.48
Francis Joseph Coquelin,Right Center Midfield,388,93.0,109.0,2.0,0.05584349,19.0,66.0,1.0,21.57,25.28,0.46,0.01,4.41,15.31,0.23
Francisco Alcácer García,Center Forward,6020,695.0,922.0,99.0,21.550418689,105.0,631.0,20.0,10.39,13.78,1.48,0.32,1.57,9.43,0.3
Francisco Andrés Silva Gajardo,Left Center Midfield,183,55.0,70.0,1.0,0.011428565,11.0,63.0,2.0,27.05,34.43,0.49,0.01,5.41,30.98,0.98
Francisco António Machado Mota de Castro Trincão,Right Wing,2279,288.0,347.0,20.0,2.391296918,29.0,100.0,18.0,11.37,13.7,0.79,0.09,1.15,3.95,0.71
Francisco Borja Enrique Ayesa,Left Center Back,90,5.0,12.0,0.0,0.0,5.0,26.0,0.0,5.0,12.0,0.0,0.0,5.0,26.0,0.0
Francisco Casilla Cortés,Goalkeeper,887,124.0,246.0,0.0,0.0,42.0,3.0,0.0,12.58,24.96,0.0,0.0,4.26,0.3,0.0
Francisco Femenía Far,Right Wing Back,320,68.0,84.0,3.0,0.260873266,11.0,59.0,1.0,19.12,23.62,0.84,0.07,3.09,16.59,0.28
Francisco Guillermo Ochoa Magaña,Goalkeeper,1076,179.0,324.0,0.0,0.0,60.0,2.0,0.0,14.97,27.1,0.0,0.0,5.02,0.17,0.0
Francisco Gámez López,Right Back,184,53.0,62.0,0.0,0.0,6.0,25.0,2.0,25.92,30.33,0.0,0.0,2.93,12.23,0.98
Francisco Javier Casquero Paredes,Center Attacking Midfield,849,188.0,246.0,5.0,0.941846267,33.0,148.0,5.0,19.93,26.08,0.53,0.1,3.5,15.69,0.53
Francisco Javier Chica Torres,Right Back,779,222.0,329.0,0.0,0.0,36.0,123.0,10.0,25.65,38.01,0.0,0.0,4.16,14.21,1.16
Francisco Javier Farinós Zapata,Right Center Midfield,252,70.0,97.0,0.0,0.0,13.0,38.0,1.0,25.0,34.64,0.0,0.0,4.64,13.57,0.36
Francisco Javier García Fernández,Right Center Back,442,67.0,90.0,2.0,0.052341946,15.0,53.0,0.0,13.64,18.33,0.41,0.01,3.05,10.79,0.0
Francisco Javier García Guerrero,Right Center Forward,237,29.0,45.0,0.0,0.0,3.0,30.0,2.0,11.01,17.09,0.0,0.0,1.14,11.39,0.76
Francisco Javier Guerrero Martín,Right Midfield,183,45.0,58.0,0.0,0.0,6.0,44.0,0.0,22.13,28.52,0.0,0.0,2.95,21.64,0.0
Francisco Javier Hidalgo Gómez,Right Midfield,95,7.0,12.0,1.0,0.01992774,3.0,2.0,1.0,6.63,11.37,0.95,0.02,2.84,1.89,0.95
Francisco Javier Rodríguez Vílchez,Right Midfield,164,25.0,36.0,0.0,0.0,1.0,3.0,0.0,13.72,19.76,0.0,0.0,0.55,1.65,0.0
Francisco Javier Sánchez Broto,Goalkeeper,92,10.0,20.0,0.0,0.0,4.0,0.0,0.0,9.78,19.57,0.0,0.0,3.91,0.0,0.0
Francisco Javier Vicente Navarro,Right Center Back,94,33.0,36.0,0.0,0.0,1.0,12.0,0.0,31.6,34.47,0.0,0.0,0.96,11.49,0.0
Francisco Javier Yeste Navarro,Center Attacking Midfield,586,163.0,243.0,7.0,1.0269817,33.0,75.0,14.0,25.03,37.32,1.08,0.16,5.07,11.52,2.15
Francisco Jesús Pérez Malia,Right Back,543,131.0,184.0,1.0,0.04892991,32.0,74.0,11.0,21.71,30.5,0.17,0.01,5.3,12.27,1.82
Francisco Jiménez Tejada,Center Forward,218,35.0,52.0,2.0,0.47104121,3.0,43.0,0.0,14.45,21.47,0.83,0.19,1.24,17.75,0.0
Francisco Joaquín Pérez Rufete,Right Wing,149,27.0,42.0,0.0,0.0,5.0,37.0,3.0,16.31,25.37,0.0,0.0,3.02,22.35,1.81
Francisco José Beltrán Peinado,Right Center Midfield,367,141.0,155.0,3.0,0.138330075,10.0,57.0,1.0,34.58,38.01,0.74,0.03,2.45,13.98,0.25
Francisco José Molinero Calderón,Right Back,1695,480.0,641.0,7.0,0.2845212847,50.0,178.0,5.0,25.49,34.04,0.37,0.02,2.65,9.45,0.27
Francisco José Olivas Alba,Right Center Back,362,141.0,151.0,2.0,0.28877257700000003,20.0,41.0,4.0,35.06,37.54,0.5,0.07,4.97,10.19,0.99
Francisco José Perdomo Borges,Right Midfield,651,91.0,124.0,4.0,0.18017363,24.0,75.0,10.0,12.58,17.14,0.55,0.02,3.32,10.37,1.38
Francisco José Sánchez Rodríguez,Right Midfield,363,83.0,128.0,3.0,0.2139229738,22.0,60.0,3.0,20.58,31.74,0.74,0.05,5.45,14.88,0.74
Francisco José Villalba Rodrigo,Center Defensive Midfield,92,3.0,4.0,0.0,0.0,1.0,1.0,0.0,2.93,3.91,0.0,0.0,0.98,0.98,0.0
Francisco Manuel Rico Castro,Left Defensive Midfield,2750,770.0,1009.0,17.0,2.054146195,81.0,361.0,15.0,25.2,33.02,0.56,0.07,2.65,11.81,0.49
Francisco Manuel Vélez Jiménez,Left Center Back,92,10.0,14.0,1.0,0.0999679,3.0,10.0,0.0,9.78,13.7,0.98,0.1,2.93,9.78,0.0
Francisco Medina Luna,Right Wing,1638,252.0,417.0,25.0,1.6858605431,61.0,180.0,25.0,13.85,22.91,1.37,0.09,3.35,9.89,1.37
Francisco Miguel Varela Martín,Left Back,1230,395.0,542.0,6.0,0.45565073,30.0,93.0,3.0,28.9,39.66,0.44,0.03,2.2,6.8,0.22
Francisco Montañés Claverías,Right Midfield,782,90.0,123.0,6.0,0.39878793700000004,11.0,99.0,7.0,10.36,14.16,0.69,0.05,1.27,11.39,0.81
Francisco Mérida Pérez,Right Center Midfield,123,34.0,47.0,0.0,0.0,7.0,55.0,2.0,24.88,34.39,0.0,0.0,5.12,40.24,1.46
Francisco Peña Romero,Left Back,466,136.0,192.0,0.0,0.0,29.0,100.0,11.0,26.27,37.08,0.0,0.0,5.6,19.31,2.12
Francisco Portillo Soler,Left Midfield,2151,534.0,665.0,6.0,0.345699019,82.0,265.0,41.0,22.34,27.82,0.25,0.01,3.43,11.09,1.72
Francisco Puñal Martínez,Right Defensive Midfield,1187,302.0,440.0,3.0,0.1180709107,46.0,171.0,5.0,22.9,33.36,0.23,0.01,3.49,12.97,0.38
Francisco Román Alarcón Suárez,Left Center Midfield,3453,1384.0,1622.0,51.0,4.4659381400000004,151.0,576.0,98.0,36.07,42.28,1.33,0.12,3.94,15.01,2.55
Francisco Sebastián Nadal Martorell,Left Wing,184,19.0,38.0,1.0,0.051036354,3.0,20.0,1.0,9.29,18.59,0.49,0.02,1.47,9.78,0.49
Franco Costanzo,Goalkeeper,92,13.0,29.0,0.0,0.0,8.0,2.0,0.0,12.72,28.37,0.0,0.0,7.83,1.96,0.0
Franco Damián Vázquez,Center Attacking Midfield,500,106.0,134.0,10.0,1.2356245319999999,27.0,96.0,4.0,19.08,24.12,1.8,0.22,4.86,17.28,0.72
Franco Zuculini,Right Midfield,150,32.0,51.0,1.0,0.010140358,14.0,55.0,5.0,19.2,30.6,0.6,0.01,8.4,33.0,3.0
Fredson Câmara Pereira,Left Defensive Midfield,92,23.0,30.0,3.0,0.09155129499999999,9.0,12.0,2.0,22.5,29.35,2.93,0.09,8.8,11.74,1.96
Fredy Hinestroza Arias,Center Attacking Midfield,90,31.0,37.0,2.0,0.21300707,2.0,34.0,2.0,31.0,37.0,2.0,0.21,2.0,34.0,2.0
Frenkie de Jong,Right Center Midfield,5078,3628.0,3946.0,18.0,4.832990013,208.0,599.0,79.0,64.3,69.94,0.32,0.09,3.69,10.62,1.4
Frédéric Oumar Kanouté,Left Center Forward,959,233.0,333.0,24.0,4.656342307,40.0,85.0,20.0,21.87,31.25,2.25,0.44,3.75,7.98,1.88
Fábio Alexandre da Silva Coentrão,Left Back,243,60.0,82.0,0.0,0.0,15.0,49.0,1.0,22.22,30.37,0.0,0.0,5.56,18.15,0.37
Fábio Ricardo Gomes Fonseca,Right Wing,182,45.0,55.0,2.0,0.046949167,0.0,7.0,1.0,22.25,27.2,0.99,0.02,0.0,3.46,0.49
Gabriel Alejandro Milito,Left Center Back,3666,2128.0,2438.0,20.0,2.541270181,223.0,265.0,17.0,52.24,59.85,0.49,0.06,5.47,6.51,0.42
Gabriel Andrei Torje,Right Wing,228,39.0,64.0,4.0,0.160940195,15.0,79.0,2.0,15.39,25.26,1.58,0.06,5.92,31.18,0.79
Gabriel Appelt Pires,Left Defensive Midfield,361,107.0,140.0,8.0,0.4930838875,23.0,130.0,8.0,26.68,34.9,1.99,0.12,5.73,32.41,1.99
Gabriel Armando de Abreu,Left Center Back,809,186.0,223.0,4.0,0.7743699500000001,24.0,51.0,0.0,20.69,24.81,0.44,0.09,2.67,5.67,0.0
Gabriel Fernández Arenas,Right Defensive Midfield,4562,2337.0,2927.0,28.0,0.7906113801,355.0,1189.0,38.0,46.1,57.74,0.55,0.02,7.0,23.46,0.75
Gabriel Francisco García de la Torre,Right Back,520,80.0,97.0,2.0,0.085642027,16.0,70.0,4.0,13.85,16.79,0.35,0.01,2.77,12.12,0.69
Gabriel Iván Mercado,Right Back,231,51.0,65.0,2.0,0.199260449,8.0,39.0,1.0,19.87,25.32,0.78,0.08,3.12,15.19,0.39
Gabriel Matías Fernández Leites,Left Center Midfield,91,5.0,5.0,0.0,0.0,1.0,2.0,0.0,4.95,4.95,0.0,0.0,0.99,1.98,0.0
Gaizka Bergara Picaza,Right Center Back,91,2.0,3.0,0.0,0.0,0.0,2.0,0.0,1.98,2.97,0.0,0.0,0.0,1.98,0.0
Gaizka Toquero Pinedo,Center Attacking Midfield,602,28.0,55.0,5.0,0.42076220200000003,6.0,72.0,1.0,4.19,8.22,0.75,0.06,0.9,10.76,0.15
Gaku Shibasaki,Left Midfield,185,32.0,43.0,3.0,0.114526989,9.0,75.0,0.0,15.57,20.92,1.46,0.06,4.38,36.49,0.0
Gareth Frank Bale,Right Wing,2494,722.0,978.0,95.0,10.0121107524,78.0,310.0,46.0,26.05,35.29,3.43,0.36,2.81,11.19,1.66
Garry Mendes Rodrigues,Left Midfield,185,34.0,44.0,4.0,0.293627214,11.0,55.0,2.0,16.54,21.41,1.95,0.14,5.35,26.76,0.97
Gary Alexis Medel Soto,Left Defensive Midfield,395,127.0,147.0,3.0,0.0358801843,32.0,130.0,2.0,28.94,33.49,0.68,0.01,7.29,29.62,0.46
Gaspar Gálvez Burgos,Left Center Midfield,184,36.0,57.0,1.0,0.009946509,11.0,19.0,2.0,17.61,27.88,0.49,0.0,5.38,9.29,0.98
Gaël Kakuta,Right Wing,391,55.0,91.0,2.0,0.052170404000000004,25.0,56.0,15.0,12.66,20.95,0.46,0.01,5.75,12.89,3.45
Geoffrey Kondogbia,Left Defensive Midfield,813,180.0,206.0,3.0,0.08032009200000001,40.0,164.0,2.0,19.93,22.8,0.33,0.01,4.43,18.15,0.22
George Lucas Coser,Right Back,93,30.0,33.0,1.0,0.009386727,2.0,6.0,0.0,29.03,31.94,0.97,0.01,1.94,5.81,0.0
Gerard Autet Serrabasa,Right Center Back,148,22.0,32.0,0.0,0.0,3.0,19.0,1.0,13.38,19.46,0.0,0.0,1.82,11.55,0.61
Gerard Deulofeu Lázaro,Right Midfield,991,234.0,304.0,8.0,1.010527572,24.0,121.0,10.0,21.25,27.61,0.73,0.09,2.18,10.99,0.91
Gerard Gumbau Garriga,Left Defensive Midfield,455,26.0,32.0,1.0,0.01146323,3.0,44.0,0.0,5.14,6.33,0.2,0.0,0.59,8.7,0.0
Gerard Moreno Balaguero,Center Forward,3450,644.0,900.0,69.0,9.2934122275,111.0,509.0,69.0,16.8,23.48,1.8,0.24,2.9,13.28,1.8
Gerard Piqué Bernabéu,Right Center Back,29516,19154.0,21162.0,181.0,26.4124800641,1628.0,2177.0,96.0,58.4,64.53,0.55,0.08,4.96,6.64,0.29
Gerardo García León,Right Center Midfield,93,24.0,31.0,0.0,0.0,8.0,20.0,4.0,23.23,30.0,0.0,0.0,7.74,19.35,3.87
Germán Alejandro Pezzella,Right Center Back,2447,618.0,844.0,17.0,1.6383144185,82.0,242.0,3.0,22.73,31.04,0.63,0.06,3.02,8.9,0.11
Germán Darío Lux,Goalkeeper,2769,576.0,1093.0,0.0,0.0,143.0,3.0,1.0,18.72,35.53,0.0,0.0,4.65,0.1,0.03
Germán Sánchez Barahona,Left Center Back,330,71.0,90.0,1.0,0.06471101,10.0,24.0,1.0,19.36,24.55,0.27,0.02,2.73,6.55,0.27
Gerónimo Rulli,Goalkeeper,3857,954.0,1509.0,0.0,0.0,181.0,13.0,2.0,22.26,35.21,0.0,0.0,4.22,0.3,0.05
Gheorghe Craioveanu,Left Center Forward,148,12.0,17.0,1.0,0.019355215,1.0,5.0,2.0,7.3,10.34,0.61,0.01,0.61,3.04,1.22
Gianluca Zambrotta,Right Back,3684,1903.0,2136.0,22.0,0.7656700884,189.0,442.0,31.0,46.49,52.18,0.54,0.02,4.62,10.8,0.76
Gianni Michel Eugene Zuiverloon,Right Midfield,92,17.0,23.0,0.0,0.0,1.0,9.0,0.0,16.63,22.5,0.0,0.0,0.98,8.8,0.0
Giedrius Arlauskis,Goalkeeper,227,30.0,71.0,0.0,0.0,12.0,3.0,0.0,11.89,28.15,0.0,0.0,4.76,1.19,0.0
Gilbert Gianelli Imbula Wanga,Right Defensive Midfield,90,34.0,39.0,0.0,0.0,8.0,35.0,0.0,34.0,39.0,0.0,0.0,8.0,35.0,0.0
Giorgi Kochorashvili,Left Midfield,93,2.0,2.0,0.0,0.0,0.0,2.0,0.0,1.94,1.94,0.0,0.0,0.0,1.94,0.0
Giorgios Seitaridis,Right Back,179,66.0,82.0,1.0,0.006088281,12.0,16.0,1.0,33.18,41.23,0.5,0.0,6.03,8.04,0.5
Giovani Lo Celso,Right Center Forward,152,60.0,74.0,6.0,0.407881598,11.0,24.0,2.0,35.53,43.82,3.55,0.24,6.51,14.21,1.18
Giovani dos Santos Ramírez,Right Wing,1872,286.0,363.0,24.0,3.7890208976,38.0,184.0,33.0,13.75,17.45,1.15,0.18,1.83,8.85,1.59
Giovanni van Bronckhorst,Left Back,2818,1140.0,1478.0,21.0,0.5417471653,99.0,361.0,13.0,36.41,47.2,0.67,0.02,3.16,11.53,0.42
Giuseppe Rossi,Left Center Forward,1791,354.0,456.0,42.0,5.3645527145,69.0,307.0,42.0,17.79,22.91,2.11,0.27,3.47,15.43,2.11
Gnégnéri Yaya Touré,Center Defensive Midfield,4874,2931.0,3237.0,38.0,1.886033719,268.0,685.0,82.0,54.12,59.77,0.7,0.03,4.95,12.65,1.51
Gonzalo Cacicedo Verdú,Center Back,92,51.0,51.0,0.0,0.0,2.0,8.0,0.0,49.89,49.89,0.0,0.0,1.96,7.83,0.0
Gonzalo Castro Irizábal,Left Midfield,3000,592.0,919.0,38.0,1.839263278,145.0,375.0,48.0,17.76,27.57,1.14,0.06,4.35,11.25,1.44
Gonzalo Colsa Albendea,Left Defensive Midfield,916,228.0,289.0,3.0,0.17327326399999998,29.0,199.0,2.0,22.4,28.4,0.29,0.02,2.85,19.55,0.2
Gonzalo Escalante,Right Defensive Midfield,3572,1079.0,1478.0,34.0,3.301888771,227.0,943.0,40.0,27.19,37.24,0.86,0.08,5.72,23.76,1.01
Gonzalo Gerardo Higuaín,Right Center Forward,791,105.0,151.0,11.0,1.070720348,21.0,105.0,7.0,11.95,17.18,1.25,0.12,2.39,11.95,0.8
Gonzalo Javier Rodríguez,Right Center Back,643,139.0,195.0,0.0,0.0,29.0,86.0,2.0,19.46,27.29,0.0,0.0,4.06,12.04,0.28
Gonzalo Julián Melero Manzanares,Left Defensive Midfield,417,158.0,179.0,5.0,0.9122439889999999,16.0,104.0,2.0,34.1,38.63,1.08,0.2,3.45,22.45,0.43
Gonzalo Pablo Castellani,Right Midfield,92,6.0,8.0,0.0,0.0,2.0,12.0,1.0,5.87,7.83,0.0,0.0,1.96,11.74,0.98
Gonçalo Manuel Ganchinho Guedes,Left Midfield,347,100.0,135.0,8.0,0.685206975,15.0,75.0,7.0,25.94,35.01,2.07,0.18,3.89,19.45,1.82
Goran Čaušić,Right Defensive Midfield,181,14.0,16.0,0.0,0.0,1.0,46.0,0.0,6.96,7.96,0.0,0.0,0.5,22.87,0.0
Gorka Brit Gallego,Center Forward,147,18.0,23.0,0.0,0.0,2.0,5.0,0.0,11.02,14.08,0.0,0.0,1.22,3.06,0.0
Gorka Elustondo Urkola,Right Defensive Midfield,1313,261.0,329.0,4.0,0.1808258877,33.0,156.0,6.0,17.89,22.55,0.27,0.01,2.26,10.69,0.41
Gorka Iraizoz Moreno,Goalkeeper,4644,1162.0,1915.0,0.0,0.0,257.0,5.0,0.0,22.52,37.11,0.0,0.0,4.98,0.1,0.0
Gorka Larrea García,Left Center Midfield,90,1.0,2.0,0.0,0.0,0.0,11.0,0.0,1.0,2.0,0.0,0.0,0.0,11.0,0.0
Grzegorz Krychowiak,Left Defensive Midfield,2536,1072.0,1285.0,23.0,1.895284184,140.0,436.0,12.0,38.04,45.6,0.82,0.07,4.97,15.47,0.43
Grégory Arnolin,Left Center Back,91,3.0,4.0,0.0,0.0,0.0,14.0,0.0,2.97,3.96,0.0,0.0,0.0,13.85,0.0
Guido Hernán Pizarro,Left Defensive Midfield,183,94.0,102.0,3.0,0.126371855,5.0,33.0,2.0,46.23,50.16,1.48,0.06,2.46,16.23,0.98
Guido Marcelo Carrillo,Right Center Forward,280,13.0,16.0,3.0,0.37173612,1.0,16.0,0.0,4.18,5.14,0.96,0.12,0.32,5.14,0.0
Guido Rodríguez,Left Center Midfield,267,61.0,71.0,0.0,0.0,7.0,40.0,2.0,20.56,23.93,0.0,0.0,2.36,13.48,0.67
Guilherme Antonio Arana Lopes,Left Wing Back,91,42.0,49.0,1.0,0.035078652,8.0,8.0,0.0,41.54,48.46,0.99,0.03,7.91,7.91,0.0
Guilherme Magdalena Siqueira,Left Back,1752,664.0,843.0,9.0,1.9127505922,78.0,203.0,21.0,34.11,43.3,0.46,0.1,4.01,10.43,1.08
Guilherme Oliveira Santos,Left Back,243,48.0,68.0,2.0,0.019428442,13.0,56.0,8.0,17.78,25.19,0.74,0.01,4.81,20.74,2.96
Guilherme dos Santos Torres,Center Defensive Midfield,234,97.0,111.0,4.0,0.056469681,19.0,52.0,2.0,37.31,42.69,1.54,0.02,7.31,20.0,0.77
Guillermo Alfonso Maripán Loaysa,Left Center Back,178,14.0,24.0,0.0,0.0,2.0,19.0,0.0,7.08,12.13,0.0,0.0,1.01,9.61,0.0
Guillermo Ariel Pereyra,Left Center Midfield,91,17.0,21.0,0.0,0.0,3.0,19.0,0.0,16.81,20.77,0.0,0.0,2.97,18.79,0.0
Guillermo Luis Franco Farquarson,Center Forward,173,31.0,38.0,2.0,0.36043243999999997,1.0,19.0,4.0,16.13,19.77,1.04,0.19,0.52,9.88,2.08
Guillermo Sara,Goalkeeper,90,14.0,28.0,0.0,0.0,4.0,0.0,0.0,14.0,28.0,0.0,0.0,4.0,0.0,0.0
Guirane N''Daw,Left Center Midfield,92,11.0,22.0,1.0,0.061502945,8.0,46.0,2.0,10.76,21.52,0.98,0.06,7.83,45.0,1.96
Gustavo Adolfo Munúa Vera,Goalkeeper,622,102.0,208.0,0.0,0.0,39.0,2.0,0.0,14.76,30.1,0.0,0.0,5.64,0.29,0.0
Gustavo Daniel Cabral Cáceres,Right Center Back,3472,1753.0,2008.0,6.0,0.33655172000000005,193.0,471.0,11.0,45.44,52.05,0.16,0.01,5.0,12.21,0.29
Gustavo Enrique Reggi,Center Forward,91,2.0,3.0,3.0,0.35403988000000003,1.0,2.0,0.0,1.98,2.97,2.97,0.35,0.99,1.98,0.0
Gustavo Lionel Siviero,Left Center Back,96,12.0,24.0,0.0,0.0,5.0,7.0,1.0,11.25,22.5,0.0,0.0,4.69,6.56,0.94
Gustavo Nery De Sá Da Silva,Left Wing,91,6.0,7.0,1.0,0.04274141,0.0,0.0,0.0,5.93,6.92,0.99,0.04,0.0,0.0,0.0
Haris Medunjanin,Left Defensive Midfield,305,60.0,76.0,5.0,0.184418142,7.0,32.0,3.0,17.7,22.43,1.48,0.05,2.07,9.44,0.89
Hedwiges Maduro,Left Center Back,510,127.0,155.0,3.0,0.625151284,13.0,73.0,3.0,22.41,27.35,0.53,0.11,2.29,12.88,0.53
Heiko Westermann,Left Center Back,1639,499.0,647.0,15.0,1.432165966,58.0,168.0,5.0,27.4,35.53,0.82,0.08,3.18,9.23,0.27
Henok Goitom,Center Forward,637,78.0,116.0,8.0,0.479421278,17.0,75.0,2.0,11.02,16.39,1.13,0.07,2.4,10.6,0.28
Henrik Larsson,Center Forward,1144,102.0,156.0,24.0,6.061757786,14.0,78.0,8.0,8.02,12.27,1.89,0.48,1.1,6.14,0.63
Henrique Adriano Buss,Left Center Back,359,105.0,121.0,0.0,0.0,19.0,41.0,0.0,26.32,30.33,0.0,0.0,4.76,10.28,0.0
Henrique Sereno Fonseca,Right Center Back,182,35.0,48.0,0.0,0.0,8.0,17.0,0.0,17.31,23.74,0.0,0.0,3.96,8.41,0.0
Hernán Arsenio Pérez González,Right Wing,2998,716.0,1067.0,50.0,4.979070929,170.0,601.0,100.0,21.49,32.03,1.5,0.15,5.1,18.04,3.0
Hernán Daniel Santana Trujillo,Center Defensive Midfield,1614,526.0,617.0,9.0,0.342487177,68.0,191.0,7.0,29.33,34.41,0.5,0.02,3.79,10.65,0.39
Hernán Darío Bernardello,Left Defensive Midfield,361,93.0,135.0,2.0,0.040797376999999996,20.0,111.0,6.0,23.19,33.66,0.5,0.01,4.99,27.67,1.5
Hernán Darío Pellerano,Left Center Back,444,91.0,117.0,0.0,0.0,16.0,59.0,2.0,18.45,23.72,0.0,0.0,3.24,11.96,0.41
Hernâni Jorge Santos Fortes,Left Midfield,93,8.0,12.0,2.0,0.142543491,2.0,3.0,0.0,7.74,11.61,1.94,0.14,1.94,2.9,0.0
Hipólito Fernández Serrano,Left Back,273,77.0,104.0,0.0,0.0,6.0,41.0,0.0,25.38,34.29,0.0,0.0,1.98,13.52,0.0
Hugo Benjamín Ibarra,Right Back,91,22.0,30.0,0.0,0.0,4.0,9.0,0.0,21.76,29.67,0.0,0.0,3.96,8.9,0.0
Hugo Duro Perales,Left Center Forward,92,2.0,4.0,0.0,0.0,0.0,2.0,0.0,1.96,3.91,0.0,0.0,0.0,1.96,0.0
Hugo Fraile Martín,Right Wing,230,21.0,33.0,0.0,0.0,4.0,24.0,0.0,8.22,12.91,0.0,0.0,1.57,9.39,0.0
Hugo Mallo Novegil,Right Back,3979,1722.0,2216.0,14.0,0.5883018506,151.0,766.0,18.0,38.95,50.12,0.32,0.01,3.42,17.33,0.41
Hugo Miguel Almeida Costa Lopes,Right Back,2213,784.0,1048.0,11.0,0.2452282895,87.0,314.0,30.0,31.88,42.62,0.45,0.01,3.54,12.77,1.22
Hugo Miguel Ferreira Gomes Viana,Right Defensive Midfield,93,0.0,1.0,0.0,0.0,0.0,0.0,0.0,0.0,0.97,0.0,0.0,0.0,0.0,0.0
Hugo Sotelo,Right Center Midfield,92,0.0,0.0,0.0,0.0,0.0,1.0,0.0,0.0,0.0,0.0,0.0,0.0,0.98,0.0
Héctor Alfredo Moreno Herrera,Left Center Back,685,153.0,199.0,1.0,0.062150963,20.0,31.0,0.0,20.1,26.15,0.13,0.01,2.63,4.07,0.0
Héctor Berenguel del Piño,Right Back,157,59.0,72.0,1.0,0.06294493,5.0,31.0,2.0,33.82,41.27,0.57,0.04,2.87,17.77,1.15
Héctor Font Romero,Center Defensive Midfield,272,17.0,26.0,1.0,0.020552678,4.0,10.0,1.0,5.62,8.6,0.33,0.01,1.32,3.31,0.33
Héctor Hernández Ortega,Left Back,1141,171.0,244.0,4.0,0.216661252,19.0,63.0,3.0,13.49,19.25,0.32,0.02,1.5,4.97,0.24
Héctor Junior Firpo Adames,Left Back,1833,836.0,919.0,6.0,1.335267923,52.0,139.0,13.0,41.05,45.12,0.29,0.07,2.55,6.82,0.64
Héctor Rodas Ramírez,Right Center Back,174,30.0,41.0,0.0,0.0,2.0,11.0,0.0,15.52,21.21,0.0,0.0,1.03,5.69,0.0
Héctor Sánchez Cabrera,Left Back,91,16.0,20.0,0.0,0.0,1.0,23.0,0.0,15.82,19.78,0.0,0.0,0.99,22.75,0.0
Hélder Filipe Oliveira Lopes,Left Back,181,67.0,92.0,2.0,0.044054061,17.0,23.0,3.0,33.31,45.75,0.99,0.02,8.45,11.44,1.49
Hélder Jorge Leal Rodrigues Barbosa,Right Wing,182,9.0,12.0,0.0,0.0,4.0,6.0,2.0,4.45,5.93,0.0,0.0,1.98,2.97,0.99
Hélder Manuel Marques Postiga,Center Forward,365,43.0,55.0,6.0,0.627584426,11.0,39.0,4.0,10.6,13.56,1.48,0.15,2.71,9.62,0.99
Hélder Miguel Do Rosario Data,Left Center Back,184,28.0,36.0,1.0,0.039253015,6.0,10.0,0.0,13.7,17.61,0.49,0.02,2.93,4.89,0.0
Iago Aspas Juncal,Center Forward,3780,981.0,1295.0,102.0,15.2239463533,133.0,592.0,45.0,23.36,30.83,2.43,0.36,3.17,14.1,1.07
Iago Bouzón Amodeo,Right Back,272,67.0,101.0,0.0,0.0,14.0,38.0,2.0,22.17,33.42,0.0,0.0,4.63,12.57,0.66
Iago Falqué Silva,Left Wing,91,32.0,38.0,2.0,0.181542356,5.0,18.0,0.0,31.65,37.58,1.98,0.18,4.95,17.8,0.0
Iago Herrerín Buisán,Goalkeeper,363,72.0,150.0,0.0,0.0,21.0,1.0,1.0,17.85,37.19,0.0,0.0,5.21,0.25,0.25
Ian González Nieto,Right Wing,92,9.0,11.0,1.0,0.26258382,0.0,0.0,0.0,8.8,10.76,0.98,0.26,0.0,0.0,0.0
Ibai Gómez Pérez,Left Wing,1149,152.0,220.0,11.0,1.1288501705,30.0,143.0,13.0,11.91,17.23,0.86,0.09,2.35,11.2,1.02
Ibrahim Afellay,Left Wing,1548,401.0,460.0,10.0,0.474328273,32.0,71.0,11.0,23.31,26.74,0.58,0.03,1.86,4.13,0.64
Ibrahim Amadou,Center Defensive Midfield,187,20.0,28.0,0.0,0.0,4.0,14.0,0.0,9.63,13.48,0.0,0.0,1.93,6.74,0.0
Ibrahima Baldé,Right Center Midfield,278,9.0,9.0,0.0,0.0,6.0,19.0,0.0,2.91,2.91,0.0,0.0,1.94,6.15,0.0
Ibán Javier Cuadrado Alonso,Right Center Back,178,41.0,51.0,0.0,0.0,3.0,9.0,0.0,20.73,25.79,0.0,0.0,1.52,4.55,0.0
Iddrisu Baba Mohammed,Right Center Midfield,163,37.0,45.0,1.0,0.15642844,9.0,35.0,0.0,20.43,24.85,0.55,0.09,4.97,19.33,0.0
Idriss Carlos Kameni,Goalkeeper,3756,736.0,1192.0,0.0,0.0,232.0,6.0,5.0,17.64,28.56,0.0,0.0,5.56,0.14,0.12
Idrissa Doumbia,Center Defensive Midfield,150,38.0,41.0,0.0,0.0,5.0,23.0,1.0,22.8,24.6,0.0,0.0,3.0,13.8,0.6
Ignacio Camacho Barnola,Right Defensive Midfield,2724,1092.0,1459.0,25.0,1.9524342749999999,185.0,652.0,19.0,36.08,48.2,0.83,0.06,6.11,21.54,0.63
Ignacio Cases Mora,Left Defensive Midfield,2386,847.0,1043.0,24.0,1.121716812,137.0,524.0,19.0,31.95,39.34,0.91,0.04,5.17,19.77,0.72
Ignacio Monreal Eraso,Left Back,1012,315.0,420.0,3.0,0.185415968,21.0,153.0,1.0,28.01,37.35,0.27,0.02,1.87,13.61,0.09
Ignacio Pérez Santamaría,Left Back,756,211.0,288.0,0.0,0.0,35.0,152.0,11.0,25.12,34.29,0.0,0.0,4.17,18.1,1.31
Ignacio Vidal Miralles,Right Back,271,62.0,85.0,0.0,0.0,5.0,29.0,2.0,20.59,28.23,0.0,0.0,1.66,9.63,0.66
Igor Gabilondo del Campo,Left Midfield,525,63.0,96.0,3.0,0.117416572,17.0,98.0,4.0,10.8,16.46,0.51,0.02,2.91,16.8,0.69
Igor Lichnovsky Osorio,Left Center Back,184,17.0,26.0,0.0,0.0,2.0,18.0,1.0,8.32,12.72,0.0,0.0,0.98,8.8,0.49
Igor Zubeldia Elorza,Right Center Back,684,241.0,269.0,1.0,0.029388726,34.0,78.0,3.0,31.71,35.39,0.13,0.0,4.47,10.26,0.39
Ikechukwu Uche,Right Center Forward,940,74.0,103.0,10.0,0.800167624,17.0,76.0,12.0,7.09,9.86,0.96,0.08,1.63,7.28,1.15
Iker Casillas Fernández,Goalkeeper,1346,222.0,396.0,0.0,0.0,74.0,3.0,1.0,14.84,26.48,0.0,0.0,4.95,0.2,0.07
Iker Muniain Goñi,Left Wing,2696,765.0,930.0,31.0,3.6893380970000003,134.0,322.0,41.0,25.54,31.05,1.03,0.12,4.47,10.75,1.37
Imanol Agirretxe Arruti,Center Forward,1676,258.0,373.0,51.0,9.579244640999999,38.0,195.0,10.0,13.85,20.03,2.74,0.51,2.04,10.47,0.54
Ion Vélez Martínez,Center Forward,92,8.0,10.0,1.0,0.11942796,2.0,4.0,0.0,7.83,9.78,0.98,0.12,1.96,3.91,0.0
Iriney Santos Da Silva,Right Defensive Midfield,404,143.0,180.0,4.0,0.1271034636,32.0,127.0,9.0,31.86,40.1,0.89,0.03,7.13,28.29,2.0
Isaac Ajayi Success,Right Wing,2717,444.0,721.0,58.0,5.9106645187,112.0,343.0,61.0,14.71,23.88,1.92,0.2,3.71,11.36,2.02
Isaac Carcelén Valencia,Right Back,179,20.0,31.0,0.0,0.0,3.0,13.0,1.0,10.06,15.59,0.0,0.0,1.51,6.54,0.5
Isaac Gómez Sánchez,Center Attacking Midfield,92,3.0,4.0,0.0,0.0,0.0,7.0,0.0,2.93,3.91,0.0,0.0,0.0,6.85,0.0
Isaías Sánchez Cortés,Right Center Midfield,91,8.0,13.0,0.0,0.0,0.0,6.0,0.0,7.91,12.86,0.0,0.0,0.0,5.93,0.0
Ismael López Blanco,Left Back,2816,913.0,1278.0,19.0,2.0405036389999998,150.0,420.0,26.0,29.18,40.85,0.61,0.07,4.79,13.42,0.83
Ismael Urzáiz Aranda,Center Forward,142,19.0,28.0,1.0,0.1908348,3.0,19.0,0.0,12.04,17.75,0.63,0.12,1.9,12.04,0.0
Issam El Adoua,Left Defensive Midfield,181,6.0,9.0,0.0,0.0,1.0,13.0,0.0,2.98,4.48,0.0,0.0,0.5,6.46,0.0
Ivan Marcano Sierra,Left Center Back,276,47.0,65.0,0.0,0.0,9.0,33.0,0.0,15.33,21.2,0.0,0.0,2.93,10.76,0.0
Ivan Obradović,Left Wing Back,249,50.0,70.0,1.0,0.07804637,11.0,42.0,2.0,18.07,25.3,0.36,0.03,3.98,15.18,0.72
Ivan Rakitić,Right Center Midfield,17059,10429.0,11940.0,211.0,16.4057266245,821.0,2577.0,120.0,55.02,62.99,1.11,0.09,4.33,13.6,0.63
Ivan Ricardo Neves Abreu Cavaleiro,Left Wing,136,28.0,38.0,2.0,0.078869146,9.0,32.0,8.0,18.53,25.15,1.32,0.05,5.96,21.18,5.29
Ivica Dragutinovic,Left Center Back,557,159.0,199.0,0.0,0.0,11.0,61.0,3.0,25.69,32.15,0.0,0.0,1.78,9.86,0.48
Iván Alejo Peralta,Right Midfield,189,3.0,8.0,1.0,0.24093509,4.0,11.0,0.0,1.43,3.81,0.48,0.11,1.9,5.24,0.0
Iván Bolado Palacios,Left Center Forward,99,18.0,25.0,1.0,0.034509867,4.0,36.0,0.0,16.36,22.73,0.91,0.03,3.64,32.73,0.0
Iván Cuéllar Sacristán,Goalkeeper,3742,553.0,1275.0,0.0,0.0,213.0,5.0,0.0,13.3,30.67,0.0,0.0,5.12,0.12,0.0
Iván Daniel Alonso Vallejo,Left Center Forward,316,50.0,71.0,7.0,1.170768259,8.0,50.0,0.0,14.24,20.22,1.99,0.33,2.28,14.24,0.0
Iván De la Peña López,Left Center Midfield,342,74.0,134.0,5.0,0.5975996892,15.0,52.0,6.0,19.47,35.26,1.32,0.16,3.95,13.68,1.58
Iván Díaz Ruiz,Right Midfield,180,7.0,11.0,0.0,0.0,2.0,7.0,0.0,3.5,5.5,0.0,0.0,1.0,3.5,0.0
Iván Gabriel Heinze,Left Back,178,59.0,71.0,0.0,0.0,5.0,13.0,0.0,29.83,35.9,0.0,0.0,2.53,6.57,0.0
Iván Helguera Bujía,Right Center Back,349,63.0,80.0,2.0,0.072106505,12.0,44.0,0.0,16.25,20.63,0.52,0.02,3.09,11.35,0.0
Iván Hernández Soto,Left Center Back,259,19.0,32.0,2.0,0.09535635299999999,8.0,15.0,0.0,6.6,11.12,0.69,0.03,2.78,5.21,0.0
Iván López Mendoza,Right Back,1176,325.0,463.0,6.0,0.131090746,48.0,138.0,17.0,24.87,35.43,0.46,0.01,3.67,10.56,1.3
Iván López Álvarez,Left Midfield,180,22.0,43.0,4.0,0.21207624,6.0,61.0,3.0,11.0,21.5,2.0,0.11,3.0,30.5,1.5
Iván Márquez Álvarez,Left Center Back,92,10.0,12.0,0.0,0.0,1.0,10.0,0.0,9.78,11.74,0.0,0.0,0.98,9.78,0.0
Iván Ramis Barrios,Left Center Back,2584,711.0,920.0,12.0,0.643619191,110.0,193.0,6.0,24.76,32.04,0.42,0.02,3.83,6.72,0.21
Iván Santiago Pérez Maceira,Right Center Midfield,91,1.0,2.0,0.0,0.0,1.0,4.0,0.0,0.99,1.98,0.0,0.0,0.99,3.96,0.0
Iván Sánchez Rico Soto,Center Forward,481,80.0,117.0,15.0,0.7635663231,18.0,77.0,7.0,14.97,21.89,2.81,0.14,3.37,14.41,1.31
Iván Villar Martínez,Goalkeeper,187,49.0,66.0,0.0,0.0,8.0,0.0,0.0,23.58,31.76,0.0,0.0,3.85,0.0,0.0
Izet Hajrović,Left Midfield,584,54.0,79.0,1.0,0.010219742,8.0,47.0,0.0,8.32,12.17,0.15,0.0,1.23,7.24,0.0
Iñaki Bea Jauregi,Left Center Back,94,13.0,18.0,0.0,0.0,3.0,4.0,0.0,12.45,17.23,0.0,0.0,2.87,3.83,0.0
Iñaki Descarga Retegi,Right Back,359,81.0,127.0,1.0,0.009442626,6.0,80.0,0.0,20.31,31.84,0.25,0.0,1.5,20.06,0.0
Iñaki Goitia Peña,Goalkeeper,92,13.0,19.0,0.0,0.0,2.0,0.0,0.0,12.72,18.59,0.0,0.0,1.96,0.0,0.0
Iñaki Lafuente Sancha,Goalkeeper,360,48.0,114.0,0.0,0.0,23.0,0.0,0.0,12.0,28.5,0.0,0.0,5.75,0.0,0.0
Iñaki Muñoz Oroz,Left Defensive Midfield,385,72.0,81.0,0.0,0.0,11.0,42.0,2.0,16.83,18.94,0.0,0.0,2.57,9.82,0.47
Iñaki Williams Arthuer,Right Wing,2654,410.0,648.0,64.0,5.467365416,113.0,404.0,46.0,13.9,21.97,2.17,0.19,3.83,13.7,1.56
Iñigo Barrenetxea García,Left Defensive Midfield,182,6.0,7.0,0.0,0.0,1.0,3.0,0.0,2.97,3.46,0.0,0.0,0.49,1.48,0.0
Iñigo Córdoba Kerejeta,Left Wing,191,33.0,57.0,2.0,0.147290237,7.0,84.0,5.0,15.55,26.86,0.94,0.07,3.3,39.58,2.36
Iñigo Pérez Soto,Left Center Midfield,296,52.0,76.0,1.0,0.007756869,13.0,56.0,3.0,15.81,23.11,0.3,0.0,3.95,17.03,0.91
Jackson Arley Martínez Valencia,Left Center Forward,1151,140.0,196.0,26.0,2.706367576,25.0,112.0,11.0,10.95,15.33,2.03,0.21,1.95,8.76,0.86
Jaime Asensio De La Fuente,Left Midfield,93,5.0,6.0,0.0,0.0,0.0,3.0,0.0,4.84,5.81,0.0,0.0,0.0,2.9,0.0
Jaime Gavilán Martínez,Left Midfield,421,42.0,66.0,1.0,0.028158376,15.0,71.0,4.0,8.98,14.11,0.21,0.01,3.21,15.18,0.86
Jaime Jiménez Merlo,Goalkeeper,91,9.0,18.0,0.0,0.0,5.0,0.0,0.0,8.9,17.8,0.0,0.0,4.95,0.0,0.0
Jaime Mata Arnaiz,Left Center Forward,253,39.0,60.0,4.0,1.85542206,8.0,67.0,3.0,13.87,21.34,1.42,0.66,2.85,23.83,1.07
Jaime Romero Gómez,Right Midfield,215,27.0,36.0,1.0,0.009340845,7.0,24.0,0.0,11.3,15.07,0.42,0.0,2.93,10.05,0.0
Jaime Seoane Valenciano,Left Center Midfield,163,24.0,35.0,0.0,0.0,7.0,39.0,2.0,13.25,19.33,0.0,0.0,3.87,21.53,1.1
Jairo Izquierdo González,Right Midfield,137,17.0,33.0,1.0,0.058033038,11.0,15.0,0.0,11.17,21.68,0.66,0.04,7.23,9.85,0.0
Jairo Samperio Bustara,Right Midfield,440,29.0,50.0,1.0,0.044878867,16.0,55.0,5.0,5.93,10.23,0.2,0.01,3.27,11.25,1.02
James David Rodríguez Rubio,Left Center Midfield,2306,1033.0,1277.0,48.0,2.8494147935000003,95.0,329.0,28.0,40.32,49.84,1.87,0.11,3.71,12.84,1.09
Jan Oblak,Goalkeeper,4402,543.0,1053.0,0.0,0.0,160.0,2.0,2.0,11.1,21.53,0.0,0.0,3.27,0.04,0.04
Jaroslav Plašil,Left Wing,175,40.0,69.0,1.0,0.013514783,7.0,42.0,2.0,20.57,35.49,0.51,0.01,3.6,21.6,1.03
Jasper Cillessen,Goalkeeper,462,141.0,167.0,0.0,0.0,17.0,0.0,0.0,27.47,32.53,0.0,0.0,3.31,0.0,0.0
Jaume Doménech Sánchez,Goalkeeper,1742,336.0,568.0,0.0,0.0,78.0,1.0,0.0,17.36,29.35,0.0,0.0,4.03,0.05,0.0
Jaume Vicent Costa Jordá,Left Back,2195,829.0,1060.0,6.0,0.408083788,73.0,251.0,12.0,33.99,43.46,0.25,0.02,2.99,10.29,0.49
Javad Nekounam,Left Defensive Midfield,631,149.0,193.0,8.0,0.3377653333,32.0,200.0,4.0,21.25,27.53,1.14,0.05,4.56,28.53,0.57
Javi Castellano Betancor,Left Center Midfield,181,36.0,44.0,1.0,0.016279377,5.0,18.0,0.0,17.9,21.88,0.5,0.01,2.49,8.95,0.0
Javier Alejandro Mascherano,Left Center Back,16684,10755.0,11837.0,26.0,1.9888828319,759.0,1914.0,51.0,58.02,63.85,0.14,0.01,4.09,10.32,0.28
Javier Baraja Vegas,Left Center Midfield,272,35.0,43.0,1.0,0.024714941,4.0,34.0,0.0,11.58,14.23,0.33,0.01,1.32,11.25,0.0
Javier Calleja Revilla,Left Back,274,30.0,57.0,0.0,0.0,14.0,19.0,2.0,9.85,18.72,0.0,0.0,4.6,6.24,0.66
Javier Camuñas Gallego,Right Midfield,1019,150.0,224.0,5.0,0.3679978365,43.0,176.0,16.0,13.25,19.78,0.44,0.03,3.8,15.54,1.41
Javier Casas Cuevas,Left Back,110,26.0,40.0,0.0,0.0,10.0,26.0,1.0,21.27,32.73,0.0,0.0,8.18,21.27,0.82
Javier Del Pino González,Left Attacking Midfield,181,16.0,29.0,2.0,0.048917465,4.0,20.0,2.0,7.96,14.42,0.99,0.02,1.99,9.94,0.99
Javier Eraso Goñi,Center Attacking Midfield,1871,242.0,326.0,15.0,2.605379475,41.0,334.0,6.0,11.64,15.68,0.72,0.13,1.97,16.07,0.29
Javier Espinosa González,Center Attacking Midfield,170,36.0,43.0,2.0,0.152446931,6.0,32.0,1.0,19.06,22.76,1.06,0.08,3.18,16.94,0.53
Javier Flaño Bezunartea,Right Back,91,29.0,40.0,0.0,0.0,2.0,13.0,0.0,28.68,39.56,0.0,0.0,1.98,12.86,0.0
Javier Fuego Martínez,Center Defensive Midfield,3326,1384.0,1664.0,13.0,0.4739901527,184.0,914.0,13.0,37.45,45.03,0.35,0.01,4.98,24.73,0.35
Javier Galán Gil,Left Back,182,86.0,109.0,0.0,0.0,11.0,39.0,5.0,42.53,53.9,0.0,0.0,5.44,19.29,2.47
Javier García Portillo,Center Forward,274,27.0,37.0,4.0,0.254848878,2.0,31.0,0.0,8.87,12.15,1.31,0.08,0.66,10.18,0.0
Javier Garrido Behovide,Left Back,1673,870.0,1033.0,1.0,0.029745592,61.0,164.0,2.0,46.8,55.57,0.05,0.0,3.28,8.82,0.11
Javier Guerra Rodríguez,Center Forward,2758,511.0,715.0,76.0,12.034766911,76.0,424.0,28.0,16.68,23.33,2.48,0.39,2.48,13.84,0.91
Javier Hernández Balcázar,Center Forward,92,5.0,7.0,1.0,0.35264602,1.0,0.0,0.0,4.89,6.85,0.98,0.34,0.98,0.0,0.0
Javier Ignacio Aquino Carmona,Right Back,273,35.0,45.0,1.0,0.44538748,9.0,44.0,3.0,11.54,14.84,0.33,0.15,2.97,14.51,0.99
Javier Lara Grande,Left Center Midfield,148,43.0,61.0,3.0,0.097675329,8.0,51.0,4.0,26.15,37.09,1.82,0.06,4.86,31.01,2.43
Javier López Rodríguez,Right Back,3553,1106.0,1545.0,6.0,0.17406688329999997,183.0,631.0,24.0,28.02,39.14,0.15,0.0,4.64,15.98,0.61
Javier Magro Matilla,Right Defensive Midfield,181,16.0,25.0,0.0,0.0,2.0,28.0,2.0,7.96,12.43,0.0,0.0,0.99,13.92,0.99
Javier Martínez Aginaga,Left Defensive Midfield,835,262.0,324.0,8.0,0.5734868948,57.0,227.0,9.0,28.24,34.92,0.86,0.06,6.14,24.47,0.97
Javier Moyano Lujano,Right Back,182,56.0,71.0,0.0,0.0,12.0,10.0,2.0,27.69,35.11,0.0,0.0,5.93,4.95,0.99
Javier Márquez Moreno,Center Attacking Midfield,1984,534.0,742.0,31.0,0.992826082,88.0,494.0,15.0,24.22,33.66,1.41,0.05,3.99,22.41,0.68
Javier Ontiveros Parra,Left Wing,604,108.0,133.0,3.0,0.053757239,12.0,65.0,6.0,16.09,19.82,0.45,0.01,1.79,9.69,0.89
Javier Paredes Arango,Left Back,444,108.0,151.0,2.0,0.216692184,17.0,54.0,1.0,21.89,30.61,0.41,0.04,3.45,10.95,0.2
Javier Pedro Saviola Fernández,Center Forward,1011,97.0,116.0,13.0,2.797387207,21.0,56.0,8.0,8.64,10.33,1.16,0.25,1.87,4.99,0.71
Javier Rodríguez Venta,Right Back,521,189.0,237.0,1.0,0.11390465,25.0,122.0,0.0,32.65,40.94,0.17,0.02,4.32,21.07,0.0
Javier Ros Añón,Left Center Midfield,167,29.0,33.0,0.0,0.0,5.0,21.0,0.0,15.63,17.78,0.0,0.0,2.69,11.32,0.0
Javier Sánchez de Felipe,Left Center Back,264,55.0,69.0,2.0,0.126573925,9.0,26.0,1.0,18.75,23.52,0.68,0.04,3.07,8.86,0.34
Javier Varas Herrera,Goalkeeper,3364,893.0,1459.0,0.0,0.0,217.0,8.0,5.0,23.89,39.03,0.0,0.0,5.81,0.21,0.13
Javier Ángel Balboa Osa,Right Center Forward,91,20.0,28.0,0.0,0.0,5.0,14.0,2.0,19.78,27.69,0.0,0.0,4.95,13.85,1.98
Jean Marie Dongou Tsafack,Right Center Midfield,93,1.0,1.0,0.0,0.0,0.0,0.0,0.0,0.97,0.97,0.0,0.0,0.0,0.0,0.0
Jean-Sylvain Claude Babin,Right Center Back,2532,753.0,912.0,15.0,1.911419325,45.0,157.0,1.0,26.77,32.42,0.53,0.07,1.6,5.58,0.04
Jefferson Andrés Lerma Solís,Right Center Midfield,2913,911.0,1231.0,39.0,2.2948431874,172.0,489.0,17.0,28.15,38.03,1.2,0.07,5.31,15.11,0.53
Jefferson Antonio Montero Vite,Left Midfield,238,31.0,50.0,2.0,0.025914910300000003,14.0,45.0,9.0,11.72,18.91,0.76,0.01,5.29,17.02,3.4
Jeffren Isaac Suárez Bermúdez,Right Wing,1312,185.0,231.0,10.0,1.552675842,25.0,99.0,6.0,12.69,15.85,0.69,0.11,1.71,6.79,0.41
Jeffrey Sarpong,Right Midfield,91,3.0,3.0,0.0,0.0,0.0,5.0,0.0,2.97,2.97,0.0,0.0,0.0,4.95,0.0
Jeison Fabián Murillo Cerón,Left Center Back,362,60.0,68.0,0.0,0.0,12.0,26.0,1.0,14.92,16.91,0.0,0.0,2.98,6.46,0.25
Jens Jønsson,Center Defensive Midfield,171,9.0,12.0,0.0,0.0,2.0,12.0,0.0,4.74,6.32,0.0,0.0,1.05,6.32,0.0
Jeremie Boga,Left Wing,90,5.0,6.0,1.0,0.014366697,0.0,9.0,0.0,5.0,6.0,1.0,0.01,0.0,9.0,0.0
Jeremías Ledesma,Goalkeeper,188,21.0,59.0,0.0,0.0,5.0,0.0,0.0,10.05,28.24,0.0,0.0,2.39,0.0,0.0
Jermaine Pennant,Right Midfield,151,12.0,22.0,0.0,0.0,5.0,54.0,0.0,7.15,13.11,0.0,0.0,2.98,32.19,0.0
Jerónimo Figueroa Cabrera,Left Midfield,2198,743.0,908.0,18.0,1.007897552,92.0,229.0,41.0,30.42,37.18,0.74,0.04,3.77,9.38,1.68
Jesé Rodríguez Ruiz,Left Wing,2729,354.0,461.0,26.0,3.9966048205,56.0,181.0,24.0,11.67,15.2,0.86,0.13,1.85,5.97,0.79
Jesús Alberto Dátolo,Left Center Midfield,91,10.0,12.0,0.0,0.0,1.0,11.0,3.0,9.89,11.87,0.0,0.0,0.99,10.88,2.97
Jesús Capitán Prada,Left Center Midfield,176,70.0,96.0,1.0,0.03855207,16.0,64.0,3.0,35.8,49.09,0.51,0.02,8.18,32.73,1.53
Jesús Fernández Collado,Goalkeeper,181,27.0,69.0,0.0,0.0,9.0,1.0,0.0,13.43,34.31,0.0,0.0,4.48,0.5,0.0
Jesús Gámez Duarte,Right Back,1414,417.0,610.0,2.0,0.057461505999999996,30.0,185.0,7.0,26.54,38.83,0.13,0.0,1.91,11.78,0.45
Jesús Joaquín Fernández Sáez de la Torre,Left Wing,425,83.0,114.0,1.0,0.0206557,14.0,51.0,5.0,17.58,24.14,0.21,0.0,2.96,10.8,1.06
Jesús María Lacruz Gómez,Right Back,142,23.0,31.0,0.0,0.0,3.0,34.0,0.0,14.58,19.65,0.0,0.0,1.9,21.55,0.0
Jesús Navas González,Right Midfield,1795,564.0,796.0,15.0,1.1854187917,102.0,299.0,17.0,28.28,39.91,0.75,0.06,5.11,14.99,0.85
Jesús Perera López,Center Forward,94,5.0,6.0,1.0,0.04339284,0.0,3.0,0.0,4.79,5.74,0.96,0.04,0.0,2.87,0.0
Jesús Rueda Ambrosio,Right Center Back,92,8.0,12.0,1.0,0.05909809,2.0,9.0,0.0,7.83,11.74,0.98,0.06,1.96,8.8,0.0
Jhon Andrés Córdoba Copete,Left Center Forward,264,25.0,31.0,1.0,0.058968693,5.0,12.0,1.0,8.52,10.57,0.34,0.02,1.7,4.09,0.34
Jirí Jarošík,Center Back,272,40.0,52.0,2.0,0.13329171,7.0,30.0,1.0,13.24,17.21,0.66,0.04,2.32,9.93,0.33
Joan Capdevila Méndez,Left Back,736,237.0,297.0,5.0,0.275329985,30.0,86.0,5.0,28.98,36.32,0.61,0.03,3.67,10.52,0.61
Joan Jordán Moreno,Left Defensive Midfield,1500,660.0,782.0,15.0,0.565894709,65.0,331.0,20.0,39.6,46.92,0.9,0.03,3.9,19.86,1.2
Joan Oriol i Gràcia,Left Back,179,42.0,67.0,0.0,0.0,9.0,28.0,4.0,21.12,33.69,0.0,0.0,4.53,14.08,2.01
Joan Sastre Vanrell,Left Back,140,41.0,58.0,1.0,0.008267414,3.0,45.0,0.0,26.36,37.29,0.64,0.01,1.93,28.93,0.0
Joan Verdú Fernández,Center Attacking Midfield,2060,771.0,962.0,22.0,1.6537960805,118.0,336.0,21.0,33.68,42.03,0.96,0.07,5.16,14.68,0.92
Joaquín Fernández Moreno,Right Center Back,321,120.0,148.0,1.0,0.031204997,11.0,53.0,0.0,33.64,41.5,0.28,0.01,3.08,14.86,0.0
Joaquín José Marín Ruiz,Right Back,2545,766.0,1138.0,18.0,1.0412635555,108.0,454.0,22.0,27.09,40.24,0.64,0.04,3.82,16.06,0.78
Joaquín Navarro Jiménez,Left Center Back,662,156.0,213.0,0.0,0.0,25.0,90.0,5.0,21.21,28.96,0.0,0.0,3.4,12.24,0.68
Joaquín Oscar Larrivey,Center Forward,305,48.0,60.0,7.0,0.723086025,2.0,65.0,1.0,14.16,17.7,2.07,0.21,0.59,19.18,0.3
Joaquín Sánchez Rodríguez,Right Wing,3571,1031.0,1383.0,39.0,3.872885972,168.0,426.0,74.0,25.98,34.86,0.98,0.1,4.23,10.74,1.87
Joel Nathaniel Campbell Samuels,Right Wing,137,24.0,30.0,0.0,0.0,5.0,20.0,0.0,15.77,19.71,0.0,0.0,3.28,13.14,0.0
Joel Robles Blázquez,Goalkeeper,181,46.0,61.0,0.0,0.0,6.0,0.0,0.0,22.87,30.33,0.0,0.0,2.98,0.0,0.0
Jofre González Mateu,Left Wing,93,13.0,20.0,1.0,0.028495375,5.0,18.0,0.0,12.58,19.35,0.97,0.03,4.84,17.42,0.0
Johan Andrés Mojica Palacio,Left Wing Back,367,126.0,151.0,1.0,0.013178974,13.0,65.0,5.0,30.9,37.03,0.25,0.0,3.19,15.94,1.23
Johannes Geis,Right Center Back,94,12.0,16.0,0.0,0.0,1.0,3.0,0.0,11.49,15.32,0.0,0.0,0.96,2.87,0.0
John Aloisi,Right Center Forward,184,24.0,37.0,2.0,0.15365086,4.0,20.0,4.0,11.74,18.1,0.98,0.08,1.96,9.78,1.96
John Guidetti,Center Forward,3227,264.0,367.0,34.0,6.345706592,54.0,294.0,17.0,7.36,10.24,0.95,0.18,1.51,8.2,0.47
Johnny Heitinga,Right Center Back,174,69.0,87.0,0.0,0.0,6.0,13.0,0.0,35.69,45.0,0.0,0.0,3.1,6.72,0.0
Jon Ander Serantes Simon,Goalkeeper,91,14.0,28.0,0.0,0.0,8.0,0.0,0.0,13.85,27.69,0.0,0.0,7.91,0.0,0.0
Jon Ansotegi Gorostola,Left Center Back,1175,163.0,235.0,5.0,0.42469782699999997,4.0,76.0,0.0,12.49,18.0,0.38,0.03,0.31,5.82,0.0
Jon Aurtenetxe Borde,Left Back,567,180.0,251.0,1.0,0.05840727,25.0,118.0,2.0,28.57,39.84,0.16,0.01,3.97,18.73,0.32
Jon Bautista Orgilles,Center Forward,604,26.0,40.0,6.0,0.395236681,3.0,46.0,1.0,3.87,5.96,0.89,0.06,0.45,6.85,0.15
Jon Dahl Tomasson,Center Forward,93,5.0,7.0,0.0,0.0,0.0,2.0,1.0,4.84,6.77,0.0,0.0,0.0,1.94,0.97
Jon Errasti Zabalete,Right Center Midfield,146,15.0,28.0,1.0,0.06358367,4.0,65.0,1.0,9.25,17.26,0.62,0.04,2.47,40.07,0.62
Jon Moncayola Tollar,Left Defensive Midfield,264,76.0,89.0,4.0,0.0700015948,7.0,73.0,3.0,25.91,30.34,1.36,0.02,2.39,24.89,1.02
Jon Morcillo Conesa,Left Center Forward,92,6.0,9.0,0.0,0.0,1.0,1.0,1.0,5.87,8.8,0.0,0.0,0.98,0.98,0.98
Jonas Gonçalves Oliveira,Center Attacking Midfield,550,78.0,110.0,8.0,0.470502534,18.0,53.0,5.0,12.76,18.0,1.31,0.08,2.95,8.67,0.82
Jonatan Soriano Casas,Right Center Forward,92,2.0,5.0,1.0,0.027632194,1.0,5.0,0.0,1.96,4.89,0.98,0.03,0.98,4.89,0.0
Jonathan Aspas Juncal,Right Wing,93,7.0,7.0,0.0,0.0,0.0,1.0,0.0,6.77,6.77,0.0,0.0,0.0,0.97,0.0
Jonathan Calleri,Center Forward,350,42.0,64.0,14.0,1.81283321,14.0,97.0,6.0,10.8,16.46,3.6,0.47,3.6,24.94,1.54
Jonathan Castro Otto,Left Back,3698,1730.0,2130.0,17.0,1.7666327151,175.0,689.0,26.0,42.1,51.84,0.41,0.04,4.26,16.77,0.63
Jonathan Cristian Silva,Left Wing Back,349,73.0,111.0,0.0,0.0,9.0,79.0,4.0,18.83,28.62,0.0,0.0,2.32,20.37,1.03
Jonathan Javier Rodríguez Portillo,Center Forward,1036,65.0,97.0,19.0,1.764454102,19.0,106.0,7.0,5.65,8.43,1.65,0.15,1.65,9.21,0.61
Jonathan Pereira Rodríguez,Right Midfield,342,36.0,47.0,7.0,0.591752009,12.0,63.0,4.0,9.47,12.37,1.84,0.16,3.16,16.58,1.05
Jonathan Rodríguez Menéndez,Left Wing,3446,704.0,1190.0,58.0,3.584437657,167.0,504.0,62.0,18.39,31.08,1.51,0.09,4.36,13.16,1.62
Jonathan Sesma González,Left Wing,438,63.0,108.0,8.0,0.826141197,20.0,100.0,4.0,12.95,22.19,1.64,0.17,4.11,20.55,0.82
Jonathan Sundy Zongo,Left Wing,275,28.0,49.0,0.0,0.0,11.0,38.0,4.0,9.16,16.04,0.0,0.0,3.6,12.44,1.31
Jonathan Viera Ramos,Left Wing,3654,1733.0,2175.0,92.0,10.0609229399,177.0,749.0,82.0,42.68,53.57,2.27,0.25,4.36,18.45,2.02
Jonathan Vila Pereira,Right Center Back,90,18.0,19.0,0.0,0.0,1.0,9.0,0.0,18.0,19.0,0.0,0.0,1.0,9.0,0.0
Jonathan de Guzmán,Left Wing,163,38.0,51.0,2.0,0.11869157400000001,9.0,56.0,2.0,20.98,28.16,1.1,0.07,4.97,30.92,1.1
Jonathan dos Santos Ramírez,Right Midfield,3325,1049.0,1293.0,22.0,1.297283708,140.0,616.0,33.0,28.39,35.0,0.6,0.04,3.79,16.67,0.89
Jonathas Cristian de Jesus,Center Forward,2561,309.0,430.0,59.0,7.3342336115,49.0,353.0,38.0,10.86,15.11,2.07,0.26,1.72,12.41,1.34
Jonhatan Montiel Caballero,Center Attacking Midfield,702,55.0,79.0,2.0,0.052235242,23.0,47.0,3.0,7.05,10.13,0.26,0.01,2.95,6.03,0.38
Jonás Manuel Gutiérrez,Left Wing,1432,147.0,226.0,5.0,1.000492832,43.0,139.0,14.0,9.24,14.2,0.31,0.06,2.7,8.74,0.88
Jonás Ramalho Chimeno,Right Center Back,344,95.0,118.0,0.0,0.0,7.0,44.0,1.0,24.85,30.87,0.0,0.0,1.83,11.51,0.26
Jordan Lotiès,Right Center Back,178,34.0,42.0,0.0,0.0,8.0,27.0,0.0,17.19,21.24,0.0,0.0,4.04,13.65,0.0
Jordi Alba Ramos,Left Back,21699,15996.0,18475.0,98.0,12.053963318700001,1117.0,2622.0,138.0,66.35,76.63,0.41,0.05,4.63,10.88,0.57
Jordi Amat Maas,Right Center Back,420,89.0,107.0,2.0,0.0767916896,13.0,40.0,2.0,19.07,22.93,0.43,0.02,2.79,8.57,0.43
Jordi Codina Rodríguez,Goalkeeper,458,89.0,119.0,0.0,0.0,29.0,1.0,0.0,17.49,23.38,0.0,0.0,5.7,0.2,0.0
Jordi Figueras Montel,Left Center Back,616,158.0,221.0,1.0,0.031736415,24.0,79.0,1.0,23.08,32.29,0.15,0.0,3.51,11.54,0.15
Jordi López Felpeto,Right Defensive Midfield,181,54.0,77.0,1.0,0.020787371,13.0,54.0,2.0,26.85,38.29,0.5,0.01,6.46,26.85,0.99
Jordi Masip López,Goalkeeper,645,127.0,220.0,0.0,0.0,35.0,2.0,0.0,17.72,30.7,0.0,0.0,4.88,0.28,0.0
Jordi Xumetra Feliu,Right Midfield,1266,120.0,184.0,8.0,0.7966430330000001,31.0,123.0,3.0,8.53,13.08,0.57,0.06,2.2,8.74,0.21
Jorge Andújar Moreno,Right Back,2658,825.0,1122.0,40.0,3.063245506,96.0,378.0,27.0,27.93,37.99,1.35,0.1,3.25,12.8,0.91
Jorge De Frutos Sebastián,Right Midfield,175,34.0,53.0,2.0,0.486395252,8.0,45.0,4.0,17.49,27.26,1.03,0.25,4.11,23.14,2.06
Jorge Franco Alviz,Left Wing,2455,322.0,467.0,32.0,3.256338944,48.0,157.0,26.0,11.8,17.12,1.17,0.12,1.76,5.76,0.95
Jorge Galán Anaut,Right Wing,185,4.0,5.0,0.0,0.0,2.0,7.0,0.0,1.95,2.43,0.0,0.0,0.97,3.41,0.0
Jorge Gonzalez Diaz,Right Center Forward,93,20.0,24.0,1.0,0.063222006,1.0,8.0,0.0,19.35,23.23,0.97,0.06,0.97,7.74,0.0
Jorge Larena Avellaneda Roig,Center Attacking Midfield,184,13.0,21.0,0.0,0.0,0.0,3.0,1.0,6.36,10.27,0.0,0.0,0.0,1.47,0.49
Jorge López Marco,Right Wing,183,37.0,53.0,0.0,0.0,7.0,59.0,4.0,18.2,26.07,0.0,0.0,3.44,29.02,1.97
Jorge López Montaña,Right Midfield,550,67.0,110.0,3.0,0.093862189,21.0,98.0,4.0,10.96,18.0,0.49,0.02,3.44,16.04,0.65
Jorge Manuel Almeida Gomes de Andrade,Left Center Back,93,17.0,22.0,1.0,0.058846883,5.0,17.0,0.0,16.45,21.29,0.97,0.06,4.84,16.45,0.0
Jorge Meré Pérez,Left Center Back,2231,621.0,789.0,8.0,0.763638888,78.0,219.0,8.0,25.05,31.83,0.32,0.03,3.15,8.83,0.32
Jorge Miguel Dias Gonçalves,Left Midfield,93,9.0,13.0,0.0,0.0,3.0,6.0,0.0,8.71,12.58,0.0,0.0,2.9,5.81,0.0
Jorge Miramón Santagertrudis,Right Back,440,154.0,191.0,0.0,0.0,13.0,41.0,3.0,31.5,39.07,0.0,0.0,2.66,8.39,0.61
Jorge Molina Vidal,Right Center Forward,2703,303.0,467.0,34.0,5.798621039,55.0,244.0,13.0,10.09,15.55,1.13,0.19,1.83,8.12,0.43
Jorge Pulido Mayoral,Right Center Back,341,87.0,111.0,1.0,0.05395564,9.0,66.0,0.0,22.96,29.3,0.26,0.01,2.38,17.42,0.0
Jorge Resurrección Merodio,Left Midfield,4691,2378.0,3111.0,50.0,3.7430011441,290.0,1122.0,49.0,45.62,59.69,0.96,0.07,5.56,21.53,0.94
Jorge Sammir Cruz Campos,Center Forward,128,23.0,28.0,1.0,0.021371135,16.0,55.0,5.0,16.17,19.69,0.7,0.02,11.25,38.67,3.52
Jorge Sáenz de Miera Colmeiro,Left Center Back,94,15.0,20.0,0.0,0.0,1.0,15.0,0.0,14.36,19.15,0.0,0.0,0.96,14.36,0.0
Jose Antonio Culebras Arenas,Right Center Back,266,24.0,37.0,0.0,0.0,6.0,32.0,0.0,8.12,12.52,0.0,0.0,2.03,10.83,0.0
Jose Luis Martí Soler,Left Defensive Midfield,971,182.0,276.0,3.0,0.12474672700000002,35.0,321.0,2.0,16.87,25.58,0.28,0.01,3.24,29.75,0.19
Jose María Movilla Cubero,Right Center Midfield,402,153.0,183.0,1.0,0.025463207,32.0,98.0,4.0,34.25,40.97,0.22,0.01,7.16,21.94,0.9
Joseba Andoni Etxeberria Lizardi,Right Attacking Midfield,151,26.0,39.0,2.0,0.128706471,10.0,5.0,3.0,15.5,23.25,1.19,0.08,5.96,2.98,1.79
Joseba Garmendia Elorriaga,Center Attacking Midfield,256,28.0,45.0,3.0,0.199475694,4.0,34.0,3.0,9.84,15.82,1.05,0.07,1.41,11.95,1.05
Joseba Llorente Etxarri,Center Forward,564,74.0,110.0,11.0,2.637852795,22.0,100.0,7.0,11.81,17.55,1.76,0.42,3.51,15.96,1.12
Joseba Zaldúa Bengoetxea,Right Back,1778,554.0,773.0,3.0,0.077389128,49.0,270.0,4.0,28.04,39.13,0.15,0.0,2.48,13.67,0.2
Josep Señé Escudero,Left Wing,882,91.0,123.0,2.0,0.14798198,20.0,77.0,8.0,9.29,12.55,0.2,0.02,2.04,7.86,0.82
Joseph Aidoo,Right Center Back,230,76.0,89.0,0.0,0.0,9.0,38.0,2.0,29.74,34.83,0.0,0.0,3.52,14.87,0.78
Josip Radošević,Left Defensive Midfield,665,143.0,194.0,1.0,0.0067270626,31.0,145.0,2.0,19.35,26.26,0.14,0.0,4.2,19.62,0.27
Josu Sarriegi Zumárraga,Right Center Back,255,52.0,67.0,1.0,0.046550695,9.0,38.0,1.0,18.35,23.65,0.35,0.02,3.18,13.41,0.35
José Alberto Cañas Ruiz Herrera,Left Defensive Midfield,1512,471.0,561.0,1.0,0.02078444,65.0,257.0,6.0,28.04,33.39,0.06,0.0,3.87,15.3,0.36
José Alejandro Suárez Martín,Left Center Back,185,22.0,42.0,1.0,0.006057212,8.0,13.0,3.0,10.7,20.43,0.49,0.0,3.89,6.32,1.46
José Andrés Guardado Hernández,Left Wing,999,391.0,482.0,10.0,0.292294954,55.0,253.0,9.0,35.23,43.42,0.9,0.03,4.95,22.79,0.81
José Antonio Delgado Villar,Right Center Midfield,258,87.0,117.0,3.0,0.059431004,14.0,75.0,4.0,30.35,40.81,1.05,0.02,4.88,26.16,1.4
José Antonio Dorado Ramírez,Left Center Back,1118,302.0,369.0,2.0,0.062821544,16.0,47.0,2.0,24.31,29.7,0.16,0.01,1.29,3.78,0.16
José Antonio García Calvo,Right Center Back,274,44.0,59.0,1.0,0.027513066,5.0,14.0,1.0,14.45,19.38,0.33,0.01,1.64,4.6,0.33
José Antonio García Rabasco,Right Defensive Midfield,2786,1124.0,1470.0,26.0,1.9841213037,139.0,520.0,15.0,36.31,47.49,0.84,0.06,4.49,16.8,0.48
José Antonio Martínez Gil,Left Center Back,92,1.0,4.0,0.0,0.0,1.0,2.0,0.0,0.98,3.91,0.0,0.0,0.98,1.96,0.0
José Antonio Miranda Boacho,Center Defensive Midfield,91,1.0,3.0,1.0,0.07121298,0.0,4.0,0.0,0.99,2.97,0.99,0.07,0.0,3.96,0.0
José Antonio Morente Oliva,Right Wing Back,92,8.0,10.0,0.0,0.0,1.0,5.0,0.0,7.83,9.78,0.0,0.0,0.98,4.89,0.0
José Antonio Reyes Calderón,Right Wing,2676,508.0,800.0,31.0,2.547700994,112.0,430.0,36.0,17.09,26.91,1.04,0.09,3.77,14.46,1.21
José Antonio Rodríguez Díaz,Right Wing,263,29.0,51.0,5.0,0.249581915,16.0,48.0,4.0,9.92,17.45,1.71,0.09,5.48,16.43,1.37
José Carlos Fernández Vázquez,Right Wing,230,82.0,113.0,3.0,0.062409985499999994,19.0,60.0,4.0,32.09,44.22,1.17,0.02,7.43,23.48,1.57
José Carlos de Araújo Nunes,Left Center Back,622,103.0,129.0,3.0,0.38916551,18.0,68.0,2.0,14.9,18.67,0.43,0.06,2.6,9.84,0.29
José Edmílson Gomes de Moraes,Center Defensive Midfield,3340,1344.0,1570.0,21.0,0.8893794719,193.0,444.0,25.0,36.22,42.31,0.57,0.02,5.2,11.96,0.67
José Eduardo Albácar Gallego,Left Back,183,51.0,69.0,1.0,0.057323392,6.0,20.0,1.0,25.08,33.93,0.49,0.03,2.95,9.84,0.49
José Eduardo Rosa Vale de Castro,Right Center Back,2150,984.0,1295.0,13.0,0.85234324,116.0,215.0,11.0,41.19,54.21,0.54,0.04,4.86,9.0,0.46
José Emilio Amavisca Gárate,Left Wing,91,11.0,17.0,0.0,0.0,6.0,9.0,0.0,10.88,16.81,0.0,0.0,5.93,8.9,0.0
José Enrique de la Sánchez Diaz,Left Back,91,30.0,40.0,0.0,0.0,6.0,21.0,1.0,29.67,39.56,0.0,0.0,5.93,20.77,0.99
José Ernesto Sosa,Left Center Forward,92,7.0,8.0,0.0,0.0,1.0,9.0,0.0,6.85,7.83,0.0,0.0,0.98,8.8,0.0
José Francisco Molina Jiménez,Goalkeeper,91,16.0,26.0,0.0,0.0,5.0,0.0,0.0,15.82,25.71,0.0,0.0,4.95,0.0,0.0
José Ignacio Fernández Iglesias,Left Center Back,1811,641.0,722.0,5.0,0.276777068,49.0,158.0,8.0,31.86,35.88,0.25,0.01,2.44,7.85,0.4
José Ignacio Martínez García,Left Back,2308,1044.0,1419.0,19.0,0.681535167,89.0,427.0,10.0,40.71,55.33,0.74,0.03,3.47,16.65,0.39
José Ignacio Peleteiro Ramallo,Right Wing,1098,194.0,280.0,14.0,0.921291528,58.0,178.0,33.0,15.9,22.95,1.15,0.08,4.75,14.59,2.7
José Isidoro Gómez Torres,Right Back,274,59.0,84.0,1.0,0.09645968,7.0,38.0,1.0,19.38,27.59,0.33,0.03,2.3,12.48,0.33
José Izquierdo Martínez,Right Back,173,38.0,59.0,0.0,0.0,7.0,32.0,3.0,19.77,30.69,0.0,0.0,3.64,16.65,1.56
José Javier Barkero Saludes,Center Attacking Midfield,321,84.0,128.0,7.0,2.235933141,15.0,59.0,3.0,23.55,35.89,1.96,0.63,4.21,16.54,0.84
José Joaquín Matos García,Left Back,90,39.0,53.0,0.0,0.0,3.0,15.0,1.0,39.0,53.0,0.0,0.0,3.0,15.0,1.0
José Joaquín Moreno Verdú,Right Center Midfield,154,84.0,102.0,3.0,0.315330708,12.0,50.0,1.0,49.09,59.61,1.75,0.18,7.01,29.22,0.58
José Luis García del Pozo,Left Defensive Midfield,3729,1328.0,1680.0,41.0,2.0925987262,234.0,777.0,37.0,32.05,40.55,0.99,0.05,5.65,18.75,0.89
José Luis Gayà Peña,Left Back,2574,879.0,1135.0,7.0,0.448177325,83.0,325.0,24.0,30.73,39.69,0.24,0.02,2.9,11.36,0.84
José Luis Morales Nogales,Left Midfield,3645,780.0,1159.0,82.0,5.6598824165,193.0,631.0,97.0,19.26,28.62,2.02,0.14,4.77,15.58,2.4
José Luis Moreno Barroso,Right Center Forward,91,4.0,12.0,1.0,0.076772474,2.0,44.0,0.0,3.96,11.87,0.99,0.08,1.98,43.52,0.0
José Luis Sanmartín Mato,Center Forward,450,73.0,120.0,8.0,0.834038145,11.0,61.0,2.0,14.6,24.0,1.6,0.17,2.2,12.2,0.4
José Manuel Arnáiz Díaz,Right Center Forward,162,11.0,16.0,2.0,0.088396342,3.0,28.0,0.0,6.11,8.89,1.11,0.05,1.67,15.56,0.0
José Manuel Casado Bizcocho,Left Back,515,160.0,216.0,1.0,0.06055254,20.0,83.0,3.0,27.96,37.75,0.17,0.01,3.5,14.5,0.52
José Manuel Catalá Mazuecos,Left Back,94,28.0,40.0,0.0,0.0,2.0,11.0,1.0,26.81,38.3,0.0,0.0,1.91,10.53,0.96
José Manuel Flores Moreno,Right Center Back,331,93.0,114.0,0.0,0.0,15.0,70.0,2.0,25.29,31.0,0.0,0.0,4.08,19.03,0.54
José Manuel Jiménez Ortiz,Left Back,653,208.0,276.0,3.0,0.047282639,27.0,78.0,6.0,28.67,38.04,0.41,0.01,3.72,10.75,0.83
José Manuel Jurado Marín,Center Attacking Midfield,609,136.0,184.0,9.0,0.4608541885,26.0,80.0,5.0,20.1,27.19,1.33,0.07,3.84,11.82,0.74
José Manuel Pinto Colorado,Goalkeeper,2394,532.0,675.0,0.0,0.0,114.0,3.0,3.0,20.0,25.38,0.0,0.0,4.29,0.11,0.11
José Manuel Rueda Sampedro,Left Center Midfield,92,17.0,19.0,1.0,0.08735304,1.0,6.0,0.0,16.63,18.59,0.98,0.09,0.98,5.87,0.0
José Manuel Yanguas Calleja,Right Back,94,45.0,61.0,0.0,0.0,4.0,3.0,4.0,43.09,58.4,0.0,0.0,3.83,2.87,3.83
José Maria Gutiérrez Hernández,Center Attacking Midfield,483,176.0,230.0,4.0,0.157504328,24.0,90.0,4.0,32.8,42.86,0.75,0.03,4.47,16.77,0.75
José Martín Cáceres Silva,Left Center Back,1173,375.0,431.0,4.0,0.1650719467,38.0,95.0,5.0,28.77,33.07,0.31,0.01,2.92,7.29,0.38
José María Callejón Bueno,Right Wing,512,69.0,103.0,3.0,0.339457761,18.0,110.0,6.0,12.13,18.11,0.53,0.06,3.16,19.34,1.05
José María Calvo,Right Back,180,47.0,63.0,1.0,0.13865183,10.0,33.0,3.0,23.5,31.5,0.5,0.07,5.0,16.5,1.5
José María Giménez de Vargas,Right Center Back,2953,768.0,1021.0,17.0,1.9518774507,94.0,309.0,11.0,23.41,31.12,0.52,0.06,2.86,9.42,0.34
José María López de Silva Sánchez,Left Wing,91,3.0,4.0,0.0,0.0,2.0,10.0,0.0,2.97,3.96,0.0,0.0,1.98,9.89,0.0
José María Martín-Bejarano Serrano,Center Defensive Midfield,1101,332.0,429.0,13.0,0.568200405,57.0,151.0,5.0,27.14,35.07,1.06,0.05,4.66,12.34,0.41
José María Romero Poyón,Center Attacking Midfield,367,56.0,79.0,3.0,0.34515345,7.0,37.0,5.0,13.73,19.37,0.74,0.08,1.72,9.07,1.23
José Miguel González Rey,Right Back,92,27.0,34.0,0.0,0.0,2.0,9.0,0.0,26.41,33.26,0.0,0.0,1.96,8.8,0.0
José Moratón Taeño,Right Center Back,90,8.0,20.0,0.0,0.0,5.0,16.0,1.0,8.0,20.0,0.0,0.0,5.0,16.0,1.0
José Ortiz Bernal,Right Wing,367,10.0,11.0,2.0,0.15783666600000001,4.0,32.0,2.0,2.45,2.7,0.49,0.04,0.98,7.85,0.49
José Paulo Bezzera Maciel Júnior,Right Defensive Midfield,2816,1031.0,1175.0,43.0,9.790185193700001,101.0,453.0,23.0,32.95,37.55,1.37,0.31,3.23,14.48,0.74
José Ramiro Funes Mori,Center Back,184,35.0,38.0,1.0,0.005044457,8.0,19.0,1.0,17.12,18.59,0.49,0.0,3.91,9.29,0.49
José Raúl Baena Urdiales,Left Defensive Midfield,2596,875.0,1090.0,13.0,1.271258353,129.0,551.0,21.0,30.34,37.79,0.45,0.04,4.47,19.1,0.73
José Raúl Gutiérrez Parejo,Right Center Midfield,92,39.0,43.0,1.0,0.007819599,11.0,17.0,0.0,38.15,42.07,0.98,0.01,10.76,16.63,0.0
José Rodríguez Martínez,Right Wing,185,17.0,25.0,1.0,0.14828095,4.0,16.0,0.0,8.27,12.16,0.49,0.07,1.95,7.78,0.0
José Romero Urtasun,Left Center Back,539,80.0,122.0,1.0,0.05758008,21.0,53.0,2.0,13.36,20.37,0.17,0.01,3.51,8.85,0.33
José Salomón Rondón Giménez,Center Forward,242,23.0,29.0,5.0,0.5236359150000001,8.0,39.0,2.0,8.55,10.79,1.86,0.19,2.98,14.5,0.74
José Santiago Cañizares Ruíz,Goalkeeper,181,23.0,53.0,0.0,0.0,5.0,0.0,0.0,11.44,26.35,0.0,0.0,2.49,0.0,0.0
José Verdú Nicolás,Center Forward,91,7.0,8.0,1.0,0.050281126,0.0,8.0,0.0,6.92,7.91,0.99,0.05,0.0,7.91,0.0
José Vicente Gómez Umpiérrez,Left Defensive Midfield,2072,975.0,1115.0,8.0,0.2795378515,86.0,281.0,17.0,42.35,48.43,0.35,0.01,3.74,12.21,0.74
José Zahinos,Right Center Midfield,91,10.0,11.0,0.0,0.0,4.0,13.0,0.0,9.89,10.88,0.0,0.0,3.96,12.86,0.0
José Ángel Crespo Rincón,Left Center Back,941,402.0,492.0,1.0,0.022514846,25.0,164.0,4.0,38.45,47.06,0.1,0.0,2.39,15.69,0.38
José Ángel Gómez Campaña,Right Defensive Midfield,430,204.0,252.0,7.0,0.516457975,26.0,111.0,5.0,42.7,52.74,1.47,0.11,5.44,23.23,1.05
José Ángel Pozo la Rosa,Left Center Midfield,90,16.0,17.0,1.0,0.09266915,1.0,24.0,0.0,16.0,17.0,1.0,0.09,1.0,24.0,0.0
José Ángel Valdés Díaz,Left Back,820,244.0,356.0,6.0,0.177376073,48.0,89.0,3.0,26.78,39.07,0.66,0.02,5.27,9.77,0.33
Jozabed Sánchez Ruiz,Center Attacking Midfield,2759,1049.0,1270.0,46.0,5.5116943088,148.0,507.0,24.0,34.22,41.43,1.5,0.18,4.83,16.54,0.78
João Fernando Nelo,Center Forward,161,38.0,49.0,5.0,0.9154470610000001,9.0,17.0,4.0,21.24,27.39,2.8,0.51,5.03,9.5,2.24
João Félix Sequeira,Left Center Forward,332,73.0,80.0,4.0,0.348808154,4.0,26.0,4.0,19.79,21.69,1.08,0.09,1.08,7.05,1.08
João Miranda de Souza Filho,Right Center Back,544,116.0,158.0,3.0,0.23546454,21.0,39.0,1.0,19.19,26.14,0.5,0.04,3.47,6.45,0.17
João Pedro Cavaco Cancelo,Right Back,2588,949.0,1276.0,11.0,1.1009402185,140.0,399.0,71.0,33.0,44.37,0.38,0.04,4.87,13.88,2.47
João Pedro da Silva Pereira,Right Back,275,121.0,150.0,0.0,0.0,19.0,66.0,2.0,39.6,49.09,0.0,0.0,6.22,21.6,0.65
João Victor de Albuquerque Bruno,Right Center Midfield,245,66.0,76.0,1.0,0.27402505,8.0,64.0,1.0,24.24,27.92,0.37,0.1,2.94,23.51,0.37
Juan Alberto Andreu Alvarado,Right Center Back,270,36.0,63.0,1.0,0.074497774,14.0,15.0,1.0,12.0,21.0,0.33,0.02,4.67,5.0,0.33
Juan Antonio Iglesias Sánchez,Right Wing,91,10.0,17.0,0.0,0.0,4.0,22.0,1.0,9.89,16.81,0.0,0.0,3.96,21.76,0.99
Juan Antonio Rodríguez Villamuela,Right Defensive Midfield,3625,1090.0,1415.0,24.0,1.379730571,152.0,693.0,18.0,27.06,35.13,0.6,0.03,3.77,17.21,0.45
Juan Bernat Velasco,Left Back,160,52.0,64.0,0.0,0.0,6.0,35.0,1.0,29.25,36.0,0.0,0.0,3.38,19.69,0.56
Juan Camilo Hernández Suárez,Left Center Forward,298,46.0,61.0,6.0,1.018437538,13.0,46.0,2.0,13.89,18.42,1.81,0.31,3.93,13.89,0.6
Juan Carlos,Right Center Midfield,91,8.0,20.0,1.0,0.069337994,9.0,12.0,1.0,7.91,19.78,0.99,0.07,8.9,11.87,0.99
Juan Carlos Martín Corral,Goalkeeper,2092,561.0,805.0,0.0,0.0,111.0,2.0,1.0,24.13,34.63,0.0,0.0,4.78,0.09,0.04
Juan Carlos Pérez López,Left Wing,2281,526.0,751.0,20.0,1.8657724372,78.0,265.0,19.0,20.75,29.63,0.79,0.07,3.08,10.46,0.75
Juan Carlos Valerón Santana,Center Attacking Midfield,1352,424.0,487.0,1.0,0.050460108,25.0,71.0,9.0,28.22,32.42,0.07,0.0,1.66,4.73,0.6
Juan Cruz Ochoa López,Left Center Back,91,21.0,23.0,2.0,0.20056142799999999,7.0,25.0,1.0,20.77,22.75,1.98,0.2,6.92,24.73,0.99
Juan Daniel Forlín,Left Defensive Midfield,456,143.0,187.0,2.0,0.111984911,17.0,72.0,0.0,28.22,36.91,0.39,0.02,3.36,14.21,0.0
Juan Domínguez Lamas,Center Attacking Midfield,799,126.0,160.0,5.0,0.285091089,23.0,193.0,5.0,14.19,18.02,0.56,0.03,2.59,21.74,0.56
Juan Emmanuel Culio,Left Center Midfield,1014,303.0,364.0,5.0,0.129450868,51.0,124.0,17.0,26.89,32.31,0.44,0.01,4.53,11.01,1.51
Juan Fernando Arango Sáenz,Left Wing,240,71.0,108.0,3.0,0.12544705839999998,13.0,44.0,1.0,26.62,40.5,1.12,0.05,4.88,16.5,0.38
Juan Francisco García García,Left Back,2517,682.0,1058.0,7.0,0.3115360077,114.0,232.0,19.0,24.39,37.83,0.25,0.01,4.08,8.3,0.68
Juan Francisco Martínez Modesto,Center Forward,530,76.0,100.0,8.0,0.528158515,18.0,76.0,2.0,12.91,16.98,1.36,0.09,3.06,12.91,0.34
Juan Francisco Moreno Fuertes,Right Back,3551,1238.0,1780.0,24.0,0.5674281818,204.0,410.0,38.0,31.38,45.11,0.61,0.01,5.17,10.39,0.96
Juan Francisco Torres Belén,Right Back,4545,1613.0,2168.0,11.0,0.788421448,246.0,519.0,50.0,31.94,42.93,0.22,0.02,4.87,10.28,0.99
Juan Gutiérrez Moreno,Left Center Back,363,99.0,116.0,0.0,0.0,15.0,27.0,1.0,24.55,28.76,0.0,0.0,3.72,6.69,0.25
Juan Isaac Cuenca López,Left Wing,2525,669.0,829.0,24.0,3.020447213,94.0,331.0,46.0,23.85,29.55,0.86,0.11,3.35,11.8,1.64
Juan Jesús Calatayud Sánchez,Goalkeeper,362,56.0,129.0,0.0,0.0,22.0,1.0,0.0,13.92,32.07,0.0,0.0,5.47,0.25,0.0
Juan Jesús Gutiérrez Robles,Right Center Midfield,671,146.0,192.0,2.0,0.126999324,27.0,153.0,0.0,19.58,25.75,0.27,0.02,3.62,20.52,0.0
Juan José Expósito Ruíz,Left Center Forward,275,39.0,50.0,1.0,0.008287329,5.0,32.0,6.0,12.76,16.36,0.33,0.0,1.64,10.47,1.96
Juan Luis Gómez López,Left Wing,166,9.0,14.0,1.0,0.019161142,1.0,20.0,1.0,4.88,7.59,0.54,0.01,0.54,10.84,0.54
Juan Luis Hens Lorite,Right Wing,137,21.0,41.0,1.0,0.02709607,8.0,31.0,0.0,13.8,26.93,0.66,0.02,5.26,20.36,0.0
Juan Manuel Delgado Moreno,Left Center Back,92,24.0,29.0,0.0,0.0,5.0,13.0,0.0,23.48,28.37,0.0,0.0,4.89,12.72,0.0
Juan Manuel Gómez Sánchez,Right Midfield,398,57.0,80.0,3.0,0.23512438700000002,12.0,45.0,6.0,12.89,18.09,0.68,0.05,2.71,10.18,1.36
Juan Manuel Mata García,Left Wing,615,145.0,186.0,5.0,0.638406229,22.0,132.0,9.0,21.22,27.22,0.73,0.09,3.22,19.32,1.32
Juan Manuel Ortiz Palazón,Right Wing,628,100.0,168.0,2.0,0.029965717,20.0,140.0,8.0,14.33,24.08,0.29,0.0,2.87,20.06,1.15
Juan Manuel Peña Montaño,Left Center Back,93,22.0,28.0,0.0,0.0,4.0,8.0,0.0,21.29,27.1,0.0,0.0,3.87,7.74,0.0
Juan Manuel Vargas Risco,Left Back,1751,641.0,921.0,18.0,0.4334822173,111.0,130.0,16.0,32.95,47.34,0.93,0.02,5.71,6.68,0.82
Juan Marcos Foyth,Right Back,94,50.0,60.0,0.0,0.0,7.0,13.0,3.0,47.87,57.45,0.0,0.0,6.7,12.45,2.87
Juan Merino Ruíz,Right Back,90,36.0,45.0,0.0,0.0,2.0,18.0,2.0,36.0,45.0,0.0,0.0,2.0,18.0,2.0
Juan Miguel Jiménez López,Left Wing,716,118.0,141.0,11.0,2.5950265139999997,19.0,141.0,4.0,14.83,17.72,1.38,0.33,2.39,17.72,0.5
Juan Muñiz Gallego,Right Center Forward,369,19.0,28.0,0.0,0.0,3.0,25.0,2.0,4.63,6.83,0.0,0.0,0.73,6.1,0.49
Juan Muñoz Muñoz,Right Center Forward,653,25.0,38.0,6.0,1.19907384,7.0,60.0,1.0,3.45,5.24,0.83,0.17,0.96,8.27,0.14
Juan Pablo Añor Acosta,Right Midfield,2755,552.0,741.0,38.0,3.8220271500000003,139.0,462.0,48.0,18.03,24.21,1.24,0.12,4.54,15.09,1.57
Juan Pablo Carrizo,Goalkeeper,90,22.0,29.0,0.0,0.0,2.0,0.0,0.0,22.0,29.0,0.0,0.0,2.0,0.0,0.0
Juan Pablo Colinas Ferreras,Goalkeeper,364,62.0,139.0,0.0,0.0,22.0,0.0,0.0,15.33,34.37,0.0,0.0,5.44,0.0,0.0
Juan Pablo Sorín,Left Wing,92,26.0,35.0,0.0,0.0,4.0,22.0,0.0,25.43,34.24,0.0,0.0,3.91,21.52,0.0
Juan Pedro Ramírez López,Left Center Back,361,113.0,141.0,3.0,0.10062316269999999,11.0,58.0,1.0,28.17,35.15,0.75,0.03,2.74,14.46,0.25
Juan Quero Barraso,Right Attacking Midfield,91,2.0,2.0,0.0,0.0,2.0,2.0,0.0,1.98,1.98,0.0,0.0,1.98,1.98,0.0
Juan Rafael Fuentes Hernández,Left Back,1176,346.0,450.0,1.0,0.018549595,37.0,143.0,3.0,26.48,34.44,0.08,0.0,2.83,10.94,0.23
Juan Ramón Cabrero Obrer,Right Back,182,24.0,39.0,0.0,0.0,5.0,23.0,0.0,11.87,19.29,0.0,0.0,2.47,11.37,0.0
Juan Rodríguez Martínez,Left Center Back,91,11.0,16.0,0.0,0.0,1.0,13.0,0.0,10.88,15.82,0.0,0.0,0.99,12.86,0.0
Juan Román Riquelme,Right Wing,93,27.0,49.0,2.0,0.055623730999999996,5.0,10.0,4.0,26.13,47.42,1.94,0.05,4.84,9.68,3.87
Juan Torres Ruiz,Left Center Back,2385,647.0,875.0,10.0,1.235131778,97.0,248.0,6.0,24.42,33.02,0.38,0.05,3.66,9.36,0.23
Juan Valera Espín,Right Back,821,149.0,222.0,2.0,0.08763722199999999,15.0,107.0,4.0,16.33,24.34,0.22,0.01,1.64,11.73,0.44
Juan de Dios Prados López,Right Center Midfield,271,48.0,65.0,0.0,0.0,5.0,47.0,1.0,15.94,21.59,0.0,0.0,1.66,15.61,0.33
Juan Ángel Albín Leites,Right Wing,724,77.0,117.0,9.0,0.8175218360000001,21.0,59.0,6.0,9.57,14.54,1.12,0.1,2.61,7.33,0.75
Jukka Raitala,Left Back,138,29.0,49.0,0.0,0.0,5.0,26.0,1.0,18.91,31.96,0.0,0.0,3.26,16.96,0.65
Jules Koundé,Right Center Back,279,157.0,176.0,3.0,0.214119966,8.0,26.0,1.0,50.65,56.77,0.97,0.07,2.58,8.39,0.32
Juliano Haus Belletti,Right Back,1691,686.0,844.0,13.0,0.8021376833999999,99.0,103.0,21.0,36.51,44.92,0.69,0.04,5.27,5.48,1.12
Juliano Roberto Antonello,Center Defensive Midfield,92,6.0,8.0,0.0,0.0,1.0,6.0,0.0,5.87,7.83,0.0,0.0,0.98,5.87,0.0
Julien Escudé,Left Center Back,722,201.0,239.0,1.0,0.10393477,20.0,72.0,1.0,25.06,29.79,0.12,0.01,2.49,8.98,0.12
Julio Álvarez Mosquera,Left Defensive Midfield,183,45.0,60.0,2.0,0.085128132,11.0,38.0,0.0,22.13,29.51,0.98,0.04,5.41,18.69,0.0
Julián Cuesta Díaz,Goalkeeper,92,18.0,37.0,0.0,0.0,4.0,0.0,0.0,17.61,36.2,0.0,0.0,3.91,0.0,0.0
Julián Luque Conde,Center Attacking Midfield,91,1.0,2.0,0.0,0.0,1.0,10.0,0.0,0.99,1.98,0.0,0.0,0.99,9.89,0.0
Julián Omar Ramos Suárez,Left Wing,363,55.0,75.0,0.0,0.0,12.0,42.0,5.0,13.64,18.6,0.0,0.0,2.98,10.41,1.24
Julián de Guzmán,Right Defensive Midfield,257,69.0,76.0,2.0,0.013863896399999999,9.0,96.0,1.0,24.16,26.61,0.7,0.0,3.15,33.62,0.35
Justo Wilmar Villar Viveros,Goalkeeper,90,12.0,30.0,0.0,0.0,4.0,0.0,0.0,12.0,30.0,0.0,0.0,4.0,0.0,0.0
Jérémy Mathieu,Left Center Back,5606,2774.0,3170.0,25.0,2.209830459,191.0,413.0,21.0,44.53,50.89,0.4,0.04,3.07,6.63,0.34
Jônatas Domingos,Left Midfield,91,5.0,8.0,0.0,0.0,1.0,5.0,2.0,4.95,7.91,0.0,0.0,0.99,4.95,1.98
Júlio César Clement Baptista,Center Forward,178,30.0,39.0,1.0,0.13582948,3.0,34.0,2.0,15.17,19.72,0.51,0.07,1.52,17.19,1.01
Júlio César Jacobi,Goalkeeper,180,28.0,64.0,0.0,0.0,8.0,1.0,0.0,14.0,32.0,0.0,0.0,4.0,0.5,0.0
Júnior Wakalibille Lago,Left Midfield,92,8.0,10.0,1.0,0.044078015,2.0,5.0,1.0,7.83,9.78,0.98,0.04,1.96,4.89,0.98
Kalu Uche,Left Center Forward,386,58.0,84.0,3.0,0.081018975,10.0,31.0,6.0,13.52,19.59,0.7,0.02,2.33,7.23,1.4
Kanga Gauthier Akalé,Right Midfield,184,10.0,17.0,1.0,0.1402362,4.0,15.0,1.0,4.89,8.32,0.49,0.07,1.96,7.34,0.49
Karim Benzema,Center Forward,3791,984.0,1221.0,150.0,23.6716488376,105.0,583.0,44.0,23.36,28.99,3.56,0.56,2.49,13.84,1.04
Karim Rekik,Left Center Back,93,23.0,25.0,0.0,0.0,0.0,5.0,0.0,22.26,24.19,0.0,0.0,0.0,4.84,0.0
Karl Brillant Toko Ekambi,Center Forward,256,13.0,18.0,4.0,0.162736568,3.0,44.0,0.0,4.57,6.33,1.41,0.06,1.05,15.47,0.0
Kenan Kodro,Left Center Forward,361,25.0,31.0,1.0,0.04200279,5.0,14.0,1.0,6.23,7.73,0.25,0.01,1.25,3.49,0.25
Kennedy Bakircioglu,Right Midfield,122,32.0,45.0,3.0,0.025684150600000004,10.0,23.0,0.0,23.61,33.2,2.21,0.02,7.38,16.97,0.0
Kenneth Josiah Omeruo,Center Back,177,15.0,21.0,0.0,0.0,4.0,19.0,0.0,7.63,10.68,0.0,0.0,2.03,9.66,0.0
Kepa Arrizabalaga Revuelta,Goalkeeper,179,47.0,71.0,0.0,0.0,7.0,0.0,0.0,23.63,35.7,0.0,0.0,3.52,0.0,0.0
Kepa Blanco Gonzalez,Right Center Forward,276,4.0,8.0,0.0,0.0,0.0,11.0,0.0,1.3,2.61,0.0,0.0,0.0,3.59,0.0
Kevin Gameiro,Center Forward,3500,420.0,569.0,81.0,17.732539064,95.0,477.0,30.0,10.8,14.63,2.08,0.46,2.44,12.27,0.77
Kevin Martín García Martínez,Left Back,90,11.0,18.0,1.0,0.051901873,1.0,18.0,0.0,11.0,18.0,1.0,0.05,1.0,18.0,0.0
Kevin Vázquez Comesaña,Right Back,183,67.0,88.0,0.0,0.0,4.0,41.0,2.0,32.95,43.28,0.0,0.0,1.97,20.16,0.98
Kevin-Prince Boateng,Center Forward,238,49.0,63.0,8.0,0.675119368,4.0,52.0,0.0,18.53,23.82,3.03,0.26,1.51,19.66,0.0
Keylor Navas Gamboa,Goalkeeper,3607,717.0,1053.0,0.0,0.0,167.0,8.0,0.0,17.89,26.27,0.0,0.0,4.17,0.2,0.0
Khalid Boulahrouz,Right Center Back,92,23.0,29.0,0.0,0.0,2.0,9.0,0.0,22.5,28.37,0.0,0.0,1.96,8.8,0.0
Kieran Trippier,Right Wing Back,272,142.0,187.0,1.0,0.008270311,9.0,41.0,1.0,46.99,61.88,0.33,0.0,2.98,13.57,0.33
Klaas-Jan Huntelaar,Left Center Forward,90,8.0,9.0,0.0,0.0,1.0,5.0,0.0,8.0,9.0,0.0,0.0,1.0,5.0,0.0
Kléper Laveran Lima Ferreira,Right Center Back,2963,1289.0,1529.0,19.0,1.616779993,134.0,402.0,13.0,39.15,46.44,0.58,0.05,4.07,12.21,0.39
Koikili Lertxundi Del Campo,Left Back,534,132.0,192.0,0.0,0.0,23.0,92.0,1.0,22.25,32.36,0.0,0.0,3.88,15.51,0.17
Krisztián Vadócz,Center Attacking Midfield,276,59.0,88.0,2.0,0.38159846,14.0,64.0,0.0,19.24,28.7,0.65,0.12,4.57,20.87,0.0
Kévin Manuel Rodrigues,Left Back,188,41.0,61.0,0.0,0.0,9.0,32.0,0.0,19.63,29.2,0.0,0.0,4.31,15.32,0.0
Lassad Hassen Nouioui,Center Forward,91,1.0,4.0,0.0,0.0,2.0,15.0,0.0,0.99,3.96,0.0,0.0,1.98,14.84,0.0
Lassana Diarra,Right Defensive Midfield,330,93.0,118.0,1.0,0.0074255816,33.0,140.0,8.0,25.36,32.18,0.27,0.0,9.0,38.18,2.18
Laureano Antonio Villa Suárez,Left Center Forward,254,49.0,64.0,0.0,0.0,10.0,27.0,2.0,17.36,22.68,0.0,0.0,3.54,9.57,0.71
Laureano Sanabria Ruiz,Right Back,2512,736.0,990.0,2.0,0.08081603999999999,102.0,300.0,12.0,26.37,35.47,0.07,0.0,3.65,10.75,0.43
Laurent Viaud,Center Midfield,91,17.0,23.0,0.0,0.0,4.0,17.0,1.0,16.81,22.75,0.0,0.0,3.96,16.81,0.99
Laurențiu Dumitru Roșu,Left Center Forward,180,16.0,19.0,0.0,0.0,2.0,12.0,0.0,8.0,9.5,0.0,0.0,1.0,6.0,0.0
Leandro Andrés Gioda,Center Back,177,14.0,25.0,3.0,0.23272684,6.0,10.0,0.0,7.12,12.71,1.53,0.12,3.05,5.08,0.0
Leandro Chichizola,Goalkeeper,185,71.0,92.0,0.0,0.0,8.0,1.0,1.0,34.54,44.76,0.0,0.0,3.89,0.49,0.49
Leandro Damião da Silva dos Santos,Right Center Forward,246,18.0,28.0,6.0,0.747107256,4.0,26.0,0.0,6.59,10.24,2.2,0.27,1.46,9.51,0.0
Leandro Daniel Cabrera Sasía,Left Center Back,278,37.0,72.0,1.0,0.09559769,4.0,30.0,0.0,11.98,23.31,0.32,0.03,1.29,9.71,0.0
Lei Wu,Left Center Forward,279,7.0,11.0,3.0,0.18021977,2.0,17.0,0.0,2.26,3.55,0.97,0.06,0.65,5.48,0.0
Leonardo Carrilho Baptistão,Right Center Forward,2866,357.0,524.0,45.0,3.9662448845,79.0,436.0,33.0,11.21,16.45,1.41,0.12,2.48,13.69,1.04
Leonardo Daniel Ponzio,Right Back,501,168.0,230.0,4.0,0.0698328763,37.0,105.0,3.0,30.18,41.32,0.72,0.01,6.65,18.86,0.54
Leonardo Neoren Franco,Goalkeeper,187,39.0,60.0,0.0,0.0,14.0,2.0,0.0,18.77,28.88,0.0,0.0,6.74,0.96,0.0
Liassine Cadamuro-Bentaïba,Left Back,275,52.0,64.0,0.0,0.0,6.0,35.0,3.0,17.02,20.95,0.0,0.0,1.96,11.45,0.98
Lilian Thuram,Right Center Back,2416,1507.0,1653.0,0.0,0.0,133.0,142.0,11.0,56.14,61.58,0.0,0.0,4.95,5.29,0.41
Lionel Andrés Messi Cuccittini,Right Wing,46189,22877.0,28114.0,2352.0,323.5209910552,1901.0,4585.0,2944.0,44.58,54.78,4.58,0.63,3.7,8.93,5.74
Lisandro Magallán,Left Center Back,91,23.0,27.0,0.0,0.0,4.0,9.0,0.0,22.75,26.7,0.0,0.0,3.96,8.9,0.0
Ljubomir Fejsa,Center Defensive Midfield,94,16.0,17.0,0.0,0.0,0.0,25.0,1.0,15.32,16.28,0.0,0.0,0.0,23.94,0.96
Lluis Sastre Reus,Left Center Midfield,264,61.0,69.0,0.0,0.0,12.0,66.0,0.0,20.8,23.52,0.0,0.0,4.09,22.5,0.0
Lluís López Mármol,Right Center Back,90,15.0,24.0,0.0,0.0,6.0,17.0,0.0,15.0,24.0,0.0,0.0,6.0,17.0,0.0
Lorenzo Enrique Reyes Vicencio,Left Center Midfield,93,29.0,37.0,0.0,0.0,6.0,30.0,4.0,28.06,35.81,0.0,0.0,5.81,29.03,3.87
Lorenzo Jesús Morón García,Center Forward,441,24.0,32.0,10.0,0.9050043360000001,6.0,27.0,3.0,4.9,6.53,2.04,0.18,1.22,5.51,0.61
Loukas Vyntra,Right Back,132,26.0,36.0,1.0,0.067210555,5.0,15.0,2.0,17.73,24.55,0.68,0.05,3.41,10.23,1.36
Luca Sangalli Fuentes,Right Center Midfield,184,18.0,28.0,2.0,0.065088116,3.0,18.0,0.0,8.8,13.7,0.98,0.03,1.47,8.8,0.0
Lucas Alfonso Orbán Alegre,Left Back,889,315.0,409.0,0.0,0.0,44.0,150.0,7.0,31.89,41.41,0.0,0.0,4.45,15.19,0.71
Lucas Antonio Wílchez,Left Midfield,90,6.0,7.0,0.0,0.0,2.0,12.0,0.0,6.0,7.0,0.0,0.0,2.0,12.0,0.0
Lucas Ariel Boyé,Center Forward,163,19.0,30.0,3.0,0.605767365,9.0,24.0,1.0,10.49,16.56,1.66,0.33,4.97,13.25,0.55
Lucas Ariel Ocampos,Right Wing,236,44.0,64.0,8.0,0.45107431800000003,12.0,48.0,3.0,16.78,24.41,3.05,0.17,4.58,18.31,1.14
Lucas Digne,Left Back,2206,1193.0,1378.0,7.0,0.6812302595999999,80.0,245.0,21.0,48.67,56.22,0.29,0.03,3.26,10.0,0.86
Lucas Hernández Pi,Left Center Back,1069,263.0,357.0,0.0,0.0,24.0,106.0,4.0,22.14,30.06,0.0,0.0,2.02,8.92,0.34
Lucas Matías Licht,Left Back,94,34.0,48.0,1.0,0.004983419,4.0,13.0,1.0,32.55,45.96,0.96,0.0,3.83,12.45,0.96
Lucas Pérez Martínez,Center Forward,3824,878.0,1198.0,108.0,16.3622513717,129.0,674.0,45.0,20.66,28.2,2.54,0.39,3.04,15.86,1.06
Lucas René Olaza Catrofe,Left Center Back,273,90.0,125.0,4.0,0.237573482,10.0,27.0,3.0,29.67,41.21,1.32,0.08,3.3,8.9,0.99
Lucas Silva Borges,Right Defensive Midfield,91,3.0,3.0,0.0,0.0,0.0,2.0,0.0,2.97,2.97,0.0,0.0,0.0,1.98,0.0
Lucas Vázquez Iglesias,Right Wing,2819,681.0,849.0,27.0,2.710503741,93.0,420.0,33.0,21.74,27.11,0.86,0.09,2.97,13.41,1.05
Luciano Fabián Monzón,Left Midfield,179,17.0,23.0,1.0,0.052640352,1.0,14.0,1.0,8.55,11.56,0.5,0.03,0.5,7.04,0.5
Luciano Martín Galletti,Right Midfield,141,35.0,53.0,6.0,0.11294134789999999,12.0,24.0,2.0,22.34,33.83,3.83,0.07,7.66,15.32,1.28
Luciano Vietto,Right Center Forward,1767,357.0,463.0,33.0,3.864291684,55.0,256.0,25.0,18.18,23.58,1.68,0.2,2.8,13.04,1.27
Ludovic Butelle,Goalkeeper,93,14.0,23.0,0.0,0.0,5.0,0.0,0.0,13.55,22.26,0.0,0.0,4.84,0.0,0.0
Ludovic Delporte,Left Wing,220,26.0,43.0,3.0,0.07153774,5.0,20.0,1.0,10.64,17.59,1.23,0.03,2.05,8.18,0.41
Ludovic Giuly,Right Wing,2282,330.0,449.0,37.0,6.513557889,62.0,201.0,23.0,13.01,17.71,1.46,0.26,2.45,7.93,0.91
Luis Alberto Romero Alconchel,Center Attacking Midfield,2448,518.0,799.0,80.0,6.6015849091,113.0,381.0,37.0,19.04,29.38,2.94,0.24,4.15,14.01,1.36
Luis Alberto Suárez Díaz,Center Forward,16041,3879.0,5179.0,609.0,107.0862597431,452.0,1628.0,230.0,21.76,29.06,3.42,0.6,2.54,9.13,1.29
Luis Alfonso Espino García,Left Back,187,37.0,64.0,0.0,0.0,7.0,41.0,1.0,17.81,30.8,0.0,0.0,3.37,19.73,0.48
Luis Amaranto Perea Mosquera,Right Back,641,133.0,183.0,0.0,0.0,27.0,105.0,2.0,18.67,25.69,0.0,0.0,3.79,14.74,0.28
Luis Carlos Correia Pinto,Left Back,2014,448.0,631.0,9.0,0.423420532,54.0,241.0,22.0,20.02,28.2,0.4,0.02,2.41,10.77,0.98
Luis Carlos Cuartero Lafarga,Left Back,91,4.0,4.0,0.0,0.0,2.0,1.0,1.0,3.96,3.96,0.0,0.0,1.98,0.99,0.99
Luis Carlos Fariña Olivera,Center Attacking Midfield,272,17.0,19.0,0.0,0.0,6.0,13.0,0.0,5.62,6.29,0.0,0.0,1.99,4.3,0.0
Luis Carlos Pereira Carneiro,Right Wing,113,19.0,24.0,0.0,0.0,5.0,26.0,1.0,15.13,19.12,0.0,0.0,3.98,20.71,0.8
Luis Eduardo Delgado Pacheco,Left Defensive Midfield,128,39.0,51.0,2.0,0.09742041300000001,8.0,50.0,2.0,27.42,35.86,1.41,0.07,5.62,35.16,1.41
Luis Fernando Muriel Fruto,Center Forward,257,35.0,39.0,13.0,1.2632196843,5.0,48.0,4.0,12.26,13.66,4.55,0.44,1.75,16.81,1.4
Luis Fernández Gutiérrez,Left Back,269,81.0,108.0,1.0,0.0061910036,10.0,39.0,0.0,27.1,36.13,0.33,0.0,3.35,13.05,0.0
Luis García Conde,Goalkeeper,91,13.0,26.0,0.0,0.0,8.0,0.0,0.0,12.86,25.71,0.0,0.0,7.91,0.0,0.0
Luis García Fernández,Center Attacking Midfield,742,147.0,213.0,4.0,0.0880092837,26.0,121.0,10.0,17.83,25.84,0.49,0.01,3.15,14.68,1.21
Luis Hernández Rodríguez,Right Center Back,3459,1319.0,1689.0,10.0,0.9116578089999999,145.0,217.0,10.0,34.32,43.95,0.26,0.02,3.77,5.65,0.26
Luis Javier García Sanz,Right Midfield,317,27.0,33.0,0.0,0.0,7.0,38.0,0.0,7.67,9.37,0.0,0.0,1.99,10.79,0.0
Luis Javier Suárez Charris,Right Wing,175,11.0,15.0,2.0,0.058524294,3.0,40.0,2.0,5.66,7.71,1.03,0.03,1.54,20.57,1.03
Luis Jesús Rioja González,Left Midfield,344,35.0,53.0,3.0,1.22883403,14.0,40.0,6.0,9.16,13.87,0.78,0.32,3.66,10.47,1.57
Luis Manuel Rubiales Béjar,Left Back,92,21.0,26.0,1.0,0.11498305,4.0,7.0,2.0,20.54,25.43,0.98,0.11,3.91,6.85,1.96
Luis Manuel Villa López,Center Forward,91,6.0,9.0,0.0,0.0,1.0,5.0,0.0,5.93,8.9,0.0,0.0,0.99,4.95,0.0
Luis Milla Manzanares,Center Attacking Midfield,90,19.0,21.0,0.0,0.0,2.0,9.0,0.0,19.0,21.0,0.0,0.0,2.0,9.0,0.0
Luis Morán Sánchez,Right Midfield,182,34.0,50.0,1.0,0.012746137,14.0,49.0,5.0,16.81,24.73,0.49,0.01,6.92,24.23,2.47
Luis Prieto Zalbidegoitia,Right Center Back,310,50.0,65.0,3.0,0.171581816,13.0,13.0,1.0,14.52,18.87,0.87,0.05,3.77,3.77,0.29
Luka Modrić,Right Center Midfield,3980,2563.0,2894.0,46.0,2.585230745,251.0,676.0,62.0,57.96,65.44,1.04,0.06,5.68,15.29,1.4
Luuk de Jong,Center Forward,277,70.0,86.0,5.0,0.7320175950000001,6.0,71.0,1.0,22.74,27.94,1.62,0.24,1.95,23.07,0.32
Luís Carlos Almeida da Cunha,Left Wing,95,18.0,24.0,2.0,0.155358951,4.0,37.0,3.0,17.05,22.74,1.89,0.15,3.79,35.05,2.84
Luís Carlos Ramos Martins,Left Midfield,91,9.0,12.0,0.0,0.0,1.0,6.0,0.0,8.9,11.87,0.0,0.0,0.99,5.93,0.0
Luís Eduardo Schmidt,Center Attacking Midfield,271,49.0,70.0,4.0,0.374784388,8.0,43.0,2.0,16.27,23.25,1.33,0.12,2.66,14.28,0.66
Luís Fabiano Clemente,Left Center Forward,449,66.0,87.0,15.0,1.2541353005,12.0,71.0,7.0,13.23,17.44,3.01,0.25,2.41,14.23,1.4
Luís Miguel Afonso Fernandes,Left Wing,249,66.0,93.0,6.0,1.179378984,7.0,75.0,2.0,23.86,33.61,2.17,0.43,2.53,27.11,0.72
Luís Miguel Brito Garcia Monteiro,Right Back,822,257.0,364.0,1.0,0.0064143124,49.0,143.0,13.0,28.14,39.85,0.11,0.0,5.36,15.66,1.42
László Sepsi,Left Back,180,30.0,46.0,0.0,0.0,6.0,16.0,0.0,15.0,23.0,0.0,0.0,3.0,8.0,0.0
Lévy Clément Madinda,Left Defensive Midfield,363,25.0,35.0,0.0,0.0,11.0,40.0,0.0,6.2,8.68,0.0,0.0,2.73,9.92,0.0
Mahamadou Diarra,Right Center Midfield,273,126.0,144.0,5.0,0.256507767,25.0,69.0,1.0,41.54,47.47,1.65,0.08,8.24,22.75,0.33
Malcom Filipe Silva de Oliveira,Right Wing,1124,187.0,227.0,9.0,1.254504982,13.0,70.0,9.0,14.97,18.18,0.72,0.1,1.04,5.6,0.72
Mamadou Koné,Right Wing,156,19.0,25.0,4.0,0.160523882,11.0,61.0,1.0,10.96,14.42,2.31,0.09,6.35,35.19,0.58
Mamadou Sylla Diallo,Center Forward,1115,46.0,68.0,8.0,1.253704121,11.0,84.0,6.0,3.71,5.49,0.65,0.1,0.89,6.78,0.48
Manuel Agudo Durán,Left Wing,3619,958.0,1476.0,96.0,10.3093169456,186.0,515.0,89.0,23.82,36.71,2.39,0.26,4.63,12.81,2.21
Manuel Alejandro García Sánchez,Left Center Midfield,424,81.0,106.0,3.0,0.3370649,19.0,135.0,2.0,17.19,22.5,0.64,0.07,4.03,28.66,0.42
Manuel Castellano Castro,Left Back,1125,309.0,429.0,4.0,0.4309360974,29.0,95.0,5.0,24.72,34.32,0.32,0.03,2.32,7.6,0.4
Manuel Fernández Muñíz,Goalkeeper,821,114.0,245.0,0.0,0.0,28.0,0.0,0.0,12.5,26.86,0.0,0.0,3.07,0.0,0.0
Manuel Gaspar Haro,Right Back,271,50.0,76.0,1.0,0.025740873,11.0,27.0,2.0,16.61,25.24,0.33,0.01,3.65,8.97,0.66
Manuel Henrique Tavares Fernandes,Right Center Midfield,276,121.0,149.0,1.0,0.015483042,22.0,67.0,7.0,39.46,48.59,0.33,0.01,7.17,21.85,2.28
Manuel Herrera Yagüe,Goalkeeper,92,21.0,33.0,0.0,0.0,6.0,1.0,0.0,20.54,32.28,0.0,0.0,5.87,0.98,0.0
Manuel Javier Vallejo Galván,Left Center Forward,92,1.0,2.0,0.0,0.0,0.0,3.0,0.0,0.98,1.96,0.0,0.0,0.0,2.93,0.0
Manuel Jesús Arana Rodríguez,Right Wing,515,44.0,84.0,4.0,0.06959604850000001,12.0,83.0,4.0,7.69,14.68,0.7,0.01,2.1,14.5,0.7
Manuel Jesús Ortiz Toribio,Left Defensive Midfield,880,102.0,159.0,2.0,0.067355437,17.0,129.0,0.0,10.43,16.26,0.2,0.01,1.74,13.19,0.0
Manuel Lanzarote Bruno,Right Center Midfield,90,6.0,9.0,1.0,0.08285129,0.0,6.0,1.0,6.0,9.0,1.0,0.08,0.0,6.0,1.0
Manuel Martínez Lara,Center Defensive Midfield,91,13.0,20.0,0.0,0.0,3.0,36.0,0.0,12.86,19.78,0.0,0.0,2.97,35.6,0.0
Manuel Onwu Villafranca,Left Wing,92,10.0,16.0,1.0,0.008650956,4.0,17.0,2.0,9.78,15.65,0.98,0.01,3.91,16.63,1.96
Manuel Pablo García Díaz,Right Back,779,251.0,318.0,3.0,0.28531819,20.0,173.0,1.0,29.0,36.74,0.35,0.03,2.31,19.99,0.12
Manuel Pérez Rodrigo,Right Defensive Midfield,92,13.0,23.0,0.0,0.0,10.0,4.0,0.0,12.72,22.5,0.0,0.0,9.78,3.91,0.0
Manuel Reina Rodríguez,Goalkeeper,187,38.0,61.0,0.0,0.0,8.0,2.0,0.0,18.29,29.36,0.0,0.0,3.85,0.96,0.0
Manuel Rolando Iturra Urrutia,Right Defensive Midfield,842,204.0,256.0,1.0,0.00897418,27.0,177.0,4.0,21.81,27.36,0.11,0.0,2.89,18.92,0.43
Manuel Sánchez De La Peña,Left Back,92,39.0,43.0,0.0,0.0,1.0,27.0,0.0,38.15,42.07,0.0,0.0,0.98,26.41,0.0
Manuel Torres Caturla,Left Back,135,35.0,47.0,0.0,0.0,4.0,26.0,1.0,23.33,31.33,0.0,0.0,2.67,17.33,0.67
Manuel Trigueros Muñoz,Right Defensive Midfield,3548,1274.0,1601.0,36.0,1.6561634664,169.0,642.0,19.0,32.32,40.61,0.91,0.04,4.29,16.29,0.48
Manuel del Moral Fernández,Left Wing,999,141.0,214.0,21.0,2.4370514059999997,24.0,152.0,8.0,12.7,19.28,1.89,0.22,2.16,13.69,0.72
Marc Bartra Aregall,Right Center Back,4822,2045.0,2283.0,24.0,3.2873917222,171.0,418.0,13.0,38.17,42.61,0.45,0.06,3.19,7.8,0.24
Marc Bertrán Vilanova,Right Back,457,71.0,122.0,1.0,0.018353922,8.0,41.0,5.0,13.98,24.03,0.2,0.0,1.58,8.07,0.98
Marc Cardona Rovira,Center Forward,184,7.0,8.0,0.0,0.0,0.0,8.0,0.0,3.42,3.91,0.0,0.0,0.0,3.91,0.0
Marc Cucurella Saseta,Left Midfield,385,92.0,130.0,5.0,0.471032992,23.0,137.0,0.0,21.51,30.39,1.17,0.11,5.38,32.03,0.0
Marc Fernández Gràcia,Right Back,92,2.0,5.0,0.0,0.0,1.0,7.0,0.0,1.96,4.89,0.0,0.0,0.98,6.85,0.0
Marc Muniesa Martínez,Left Wing Back,182,45.0,51.0,1.0,0.010763071,2.0,32.0,1.0,22.25,25.22,0.49,0.01,0.99,15.82,0.49
Marc Navarro Ceciliano,Right Back,167,33.0,47.0,0.0,0.0,6.0,16.0,1.0,17.78,25.33,0.0,0.0,3.23,8.62,0.54
Marc Roca Junqué,Left Center Midfield,458,162.0,196.0,3.0,0.083232552,17.0,113.0,3.0,31.83,38.52,0.59,0.02,3.34,22.21,0.59
Marc Torrejón Moya,Right Center Back,632,142.0,171.0,3.0,0.42489999,16.0,42.0,1.0,20.22,24.35,0.43,0.06,2.28,5.98,0.14
Marc Valiente Hernández,Left Center Back,196,44.0,54.0,0.0,0.0,9.0,48.0,0.0,20.2,24.8,0.0,0.0,4.13,22.04,0.0
Marc-André ter Stegen,Goalkeeper,15078,5052.0,5911.0,1.0,0.057932165,644.0,12.0,4.0,30.16,35.28,0.01,0.0,3.84,0.07,0.02
Marcelo Alfonso Díaz Rojas,Left Defensive Midfield,1335,679.0,761.0,12.0,0.396962823,74.0,192.0,4.0,45.78,51.3,0.81,0.03,4.99,12.94,0.27
Marcelo Andrés Silva Fernández,Right Center Back,91,8.0,13.0,0.0,0.0,3.0,10.0,0.0,7.91,12.86,0.0,0.0,2.97,9.89,0.0
Marcelo Vieira da Silva Júnior,Left Back,4224,2302.0,2858.0,34.0,1.9460264525,237.0,537.0,103.0,49.05,60.89,0.72,0.04,5.05,11.44,2.19
Marco Andreolli,Right Center Back,556,173.0,206.0,3.0,0.33423035,17.0,41.0,0.0,28.0,33.35,0.49,0.05,2.75,6.64,0.0
Marco Asensio Willemsen,Center Attacking Midfield,3563,1044.0,1440.0,65.0,6.391937359,208.0,627.0,62.0,26.37,36.37,1.64,0.16,5.25,15.84,1.57
Marco Aurélio Brito Dos Prazeres,Right Center Midfield,184,49.0,63.0,0.0,0.0,13.0,24.0,3.0,23.97,30.82,0.0,0.0,6.36,11.74,1.47
Marco Gastón Ruben Rodríguez,Left Center Forward,486,51.0,70.0,9.0,0.5243961229999999,14.0,90.0,0.0,9.44,12.96,1.67,0.1,2.59,16.67,0.0
Marco Natanel Torsiglieri,Left Center Back,91,8.0,10.0,0.0,0.0,2.0,5.0,0.0,7.91,9.89,0.0,0.0,1.98,4.95,0.0
Marco Sangalli Fuentes,Left Wing,91,18.0,24.0,0.0,0.0,10.0,31.0,0.0,17.8,23.74,0.0,0.0,9.89,30.66,0.0
Marco Storari,Goalkeeper,91,22.0,29.0,0.0,0.0,9.0,1.0,0.0,21.76,28.68,0.0,0.0,8.9,0.99,0.0
Marcos Alberto Angeleri,Right Center Back,1311,321.0,420.0,4.0,0.34984492,48.0,147.0,0.0,22.04,28.83,0.27,0.02,3.3,10.09,0.0
Marcos André de Sousa Mendonça,Left Center Forward,137,4.0,6.0,2.0,0.07379917,1.0,12.0,0.0,2.63,3.94,1.31,0.05,0.66,7.88,0.0
Marcos Antonio Senna da Silva,Left Center Midfield,721,251.0,318.0,7.0,1.7528581109999999,43.0,186.0,10.0,31.33,39.69,0.87,0.22,5.37,23.22,1.25
Marcos García Barreno,Left Wing,255,35.0,52.0,1.0,0.10450675,8.0,57.0,2.0,12.35,18.35,0.35,0.04,2.82,20.12,0.71
Marcos Gullón Ferrera,Left Defensive Midfield,91,22.0,31.0,1.0,0.073915035,2.0,32.0,2.0,21.76,30.66,0.99,0.07,1.98,31.65,1.98
Marcos Javier Acuña,Left Back,94,45.0,51.0,0.0,0.0,2.0,21.0,0.0,43.09,48.83,0.0,0.0,1.91,20.11,0.0
Marcos Llorente Moreno,Right Defensive Midfield,596,148.0,173.0,6.0,0.469342227,25.0,118.0,9.0,22.35,26.12,0.91,0.07,3.78,17.82,1.36
Marcos Mauro López Gutiérrez,Left Center Back,122,11.0,15.0,0.0,0.0,1.0,7.0,0.0,8.11,11.07,0.0,0.0,0.74,5.16,0.0
Marcos Sebastián Aguirre,Right Wing,146,20.0,38.0,1.0,0.061520822,9.0,19.0,0.0,12.33,23.42,0.62,0.04,5.55,11.71,0.0
Marcos Tébar Ramiro,Left Center Midfield,184,34.0,39.0,0.0,0.0,5.0,41.0,0.0,16.63,19.08,0.0,0.0,2.45,20.05,0.0
Marcos dos Santos Assunção,Center Attacking Midfield,90,18.0,22.0,0.0,0.0,1.0,6.0,0.0,18.0,22.0,0.0,0.0,1.0,6.0,0.0
Mariano Andrés Pernía,Left Back,364,138.0,176.0,3.0,0.030701607,18.0,50.0,4.0,34.12,43.52,0.74,0.01,4.45,12.36,0.99
Mariano Damián Barbosa,Goalkeeper,172,33.0,43.0,0.0,0.0,9.0,0.0,1.0,17.27,22.5,0.0,0.0,4.71,0.0,0.52
Mariano Díaz Mejía,Center Forward,277,2.0,7.0,1.0,0.037951175,1.0,22.0,1.0,0.65,2.27,0.32,0.01,0.32,7.15,0.32
Mariano Ferreira Filho,Right Back,2277,701.0,992.0,11.0,0.4688077545,91.0,230.0,21.0,27.71,39.21,0.43,0.02,3.6,9.09,0.83
Mario Bermejo Castanedo,Center Forward,426,56.0,83.0,7.0,1.079903016,17.0,52.0,3.0,11.83,17.54,1.48,0.23,3.59,10.99,0.63
Mario Fernández Cuesta,Goalkeeper,92,19.0,31.0,0.0,0.0,10.0,0.0,0.0,18.59,30.33,0.0,0.0,9.78,0.0,0.0
Mario Gaspar Pérez Martínez,Right Back,4162,1631.0,2170.0,42.0,2.0024674141,171.0,514.0,17.0,35.27,46.92,0.91,0.04,3.7,11.11,0.37
Mario Gutiérrez Cotelo,Right Midfield,278,91.0,125.0,3.0,0.0206671403,18.0,56.0,5.0,29.46,40.47,0.97,0.01,5.83,18.13,1.62
Mario Hermoso Canseco,Left Center Back,463,167.0,209.0,1.0,0.21558693,11.0,53.0,3.0,32.46,40.63,0.19,0.04,2.14,10.3,0.58
Mario Mandžukić,Center Forward,177,16.0,26.0,1.0,0.7835,3.0,33.0,0.0,8.14,13.22,0.51,0.4,1.53,16.78,0.0
Mario Pašalić,Right Center Midfield,173,43.0,56.0,2.0,0.096971381,9.0,69.0,1.0,22.37,29.13,1.04,0.05,4.68,35.9,0.52
Mario Sebastián Viera Galain,Goalkeeper,265,35.0,74.0,0.0,0.0,21.0,3.0,1.0,11.89,25.13,0.0,0.0,7.13,1.02,0.34
Mario Suárez Mata,Left Defensive Midfield,409,93.0,131.0,4.0,0.112156642,21.0,112.0,4.0,20.46,28.83,0.88,0.02,4.62,24.65,0.88
Marius Stankevičius,Right Back,273,64.0,104.0,1.0,0.0071930317,10.0,56.0,2.0,21.1,34.29,0.33,0.0,3.3,18.46,0.66
Mark Dennis González Hoffmann,Left Wing,356,64.0,98.0,7.0,0.49571685909999996,11.0,54.0,3.0,16.18,24.78,1.77,0.13,2.78,13.65,0.76
Mark van Bommel,Right Center Midfield,820,231.0,303.0,17.0,0.7115519014,29.0,91.0,6.0,25.35,33.26,1.87,0.08,3.18,9.99,0.66
Markel Bergara Larrañaga,Right Defensive Midfield,2531,647.0,836.0,17.0,1.34350944,110.0,536.0,11.0,23.01,29.73,0.6,0.05,3.91,19.06,0.39
Markel Susaeta Laskurain,Right Wing,3684,897.0,1274.0,46.0,4.3523897479,211.0,855.0,60.0,21.91,31.12,1.12,0.11,5.15,20.89,1.47
Marko Babić,Left Back,93,27.0,35.0,0.0,0.0,6.0,12.0,1.0,26.13,33.87,0.0,0.0,5.81,11.61,0.97
Marko Dmitrović,Goalkeeper,450,70.0,145.0,0.0,0.0,20.0,1.0,0.0,14.0,29.0,0.0,0.0,4.0,0.2,0.0
Marko Livaja,Right Midfield,90,2.0,2.0,0.0,0.0,0.0,9.0,0.0,2.0,2.0,0.0,0.0,0.0,9.0,0.0
Marko Marin,Center Attacking Midfield,94,6.0,9.0,1.0,0.05893055,2.0,7.0,1.0,5.74,8.62,0.96,0.06,1.91,6.7,0.96
Marlon Santos da Silva Barbosa,Right Center Back,179,168.0,176.0,0.0,0.0,6.0,12.0,1.0,84.47,88.49,0.0,0.0,3.02,6.03,0.5
Marlos Moreno Durán,Center Defensive Midfield,92,1.0,1.0,0.0,0.0,0.0,4.0,0.0,0.98,0.98,0.0,0.0,0.0,3.91,0.0
Martin Braithwaite Christensen,Left Wing,3365,307.0,390.0,38.0,7.774679741,50.0,193.0,16.0,8.21,10.43,1.02,0.21,1.34,5.16,0.43
Martin Petrov,Left Midfield,146,28.0,45.0,4.0,0.060981394,8.0,12.0,3.0,17.26,27.74,2.47,0.04,4.93,7.4,1.85
Martin Valjent,Right Center Back,186,55.0,62.0,0.0,0.0,7.0,24.0,0.0,26.61,30.0,0.0,0.0,3.39,11.61,0.0
Martin Ødegaard,Right Center Midfield,184,99.0,119.0,6.0,0.239903341,13.0,49.0,4.0,48.42,58.21,2.93,0.12,6.36,23.97,1.96
Martí Crespí Pascual,Left Center Back,181,27.0,34.0,1.0,0.019625496,2.0,14.0,0.0,13.43,16.91,0.5,0.01,0.99,6.96,0.0
Martín Aguirregabiria Padilla,Right Back,413,87.0,130.0,0.0,0.0,17.0,27.0,2.0,18.96,28.33,0.0,0.0,3.7,5.88,0.44
Martín Gastón Demichelis,Right Center Back,365,104.0,122.0,1.0,0.09798126,16.0,61.0,1.0,25.64,30.08,0.25,0.02,3.95,15.04,0.25
Martín Mauricio Astudillo,Right Center Back,93,11.0,14.0,2.0,0.044247953,6.0,17.0,1.0,10.65,13.55,1.94,0.04,5.81,16.45,0.97
Martín Maximiliano Mantovani,Right Center Back,94,15.0,16.0,1.0,0.11897752,0.0,9.0,0.0,14.36,15.32,0.96,0.11,0.0,8.62,0.0
Martín Merquelanz Castellanos,Left Wing Back,92,26.0,32.0,1.0,0.030174686,4.0,11.0,0.0,25.43,31.3,0.98,0.03,3.91,10.76,0.0
Martín Montoya Torralbo,Right Back,4588,2314.0,2734.0,8.0,0.507872044,165.0,705.0,50.0,45.39,53.63,0.16,0.01,3.24,13.83,0.98
Martín Zubimendi Ibáñez,Center Defensive Midfield,164,75.0,86.0,1.0,0.06765859,4.0,28.0,2.0,41.16,47.2,0.55,0.04,2.2,15.37,1.1
Masoud Shojaei Soleimani,Left Wing,449,35.0,66.0,3.0,0.175136532,9.0,99.0,10.0,7.02,13.23,0.6,0.04,1.8,19.84,2.0
Mate Bilić,Center Forward,418,33.0,41.0,5.0,0.4710219684,5.0,63.0,0.0,7.11,8.83,1.08,0.1,1.08,13.56,0.0
Mateo Ezequiel García,Left Midfield,90,3.0,4.0,1.0,0.013859653,0.0,11.0,0.0,3.0,4.0,1.0,0.01,0.0,11.0,0.0
Mateo Kovačić,Left Center Midfield,2524,779.0,867.0,11.0,0.778521682,73.0,292.0,17.0,27.78,30.92,0.39,0.03,2.6,10.41,0.61
Mateo Pablo Musacchio,Right Center Back,1905,519.0,654.0,5.0,0.55940576,84.0,216.0,10.0,24.52,30.9,0.24,0.03,3.97,10.2,0.47
Matheus Dória Macedo,Left Center Back,709,113.0,169.0,2.0,0.122967354,16.0,59.0,0.0,14.34,21.45,0.25,0.02,2.03,7.49,0.0
Mathew Ryan,Goalkeeper,731,179.0,279.0,0.0,0.0,38.0,1.0,0.0,22.04,34.35,0.0,0.0,4.68,0.12,0.0
Mathieu Berson,Left Defensive Midfield,147,43.0,53.0,0.0,0.0,6.0,28.0,1.0,26.33,32.45,0.0,0.0,3.67,17.14,0.61
Mathías Olivera Miramontes,Left Back,232,34.0,61.0,1.0,0.070784174,9.0,53.0,1.0,13.19,23.66,0.39,0.03,3.49,20.56,0.39
Matteo Contini,Left Center Back,150,19.0,24.0,1.0,0.06119894,6.0,19.0,0.0,11.4,14.4,0.6,0.04,3.6,11.4,0.0
Matthieu Saunier,Left Center Back,92,15.0,20.0,0.0,0.0,2.0,15.0,0.0,14.67,19.57,0.0,0.0,1.96,14.67,0.0
Matías Aguirregaray Guruceaga,Right Back,94,38.0,46.0,2.0,0.23871676000000003,7.0,15.0,2.0,36.38,44.04,1.91,0.23,6.7,14.36,1.91
Matías Ariel Fernández Fernández,Center Attacking Midfield,186,17.0,21.0,3.0,0.94382331,3.0,11.0,1.0,8.23,10.16,1.45,0.46,1.45,5.32,0.48
Matías Emanuel Lequi,Left Center Back,179,36.0,52.0,0.0,0.0,7.0,8.0,0.0,18.1,26.15,0.0,0.0,3.52,4.02,0.0
Matías Ezequiel Vargas Martín,Right Midfield,93,11.0,15.0,1.0,0.021137457,4.0,6.0,3.0,10.65,14.52,0.97,0.02,3.87,5.81,2.9
Matías Lionel Fritzler,Right Defensive Midfield,159,29.0,37.0,0.0,0.0,7.0,68.0,1.0,16.42,20.94,0.0,0.0,3.96,38.49,0.57
Matías Nahuel Leiva Esquivel,Right Midfield,1736,278.0,408.0,11.0,1.011005448,62.0,257.0,21.0,14.41,21.15,0.57,0.05,3.21,13.32,1.09
Mauricio Andrés Cuero Castillo,Right Midfield,1047,91.0,142.0,10.0,0.31446554,25.0,78.0,17.0,7.82,12.21,0.86,0.03,2.15,6.7,1.46
Mauricio Lemos Merladet,Right Center Back,1125,389.0,472.0,8.0,0.2373922685,41.0,90.0,7.0,31.12,37.76,0.64,0.02,3.28,7.2,0.56
Mauricio Roberto Pochettino Trossero,Right Center Back,91,20.0,33.0,2.0,0.258264186,3.0,5.0,0.0,19.78,32.64,1.98,0.26,2.97,4.95,0.0
Maurizio Lanzaro,Right Center Back,361,41.0,61.0,1.0,0.13509941,1.0,45.0,0.0,10.22,15.21,0.25,0.03,0.25,11.22,0.0
Mauro Javier Dos Santos,Right Center Back,2879,678.0,1009.0,11.0,0.696998358,123.0,278.0,5.0,21.19,31.54,0.34,0.02,3.85,8.69,0.16
Mauro Wilney Arambarri Rosa,Left Defensive Midfield,634,92.0,142.0,7.0,0.281473003,30.0,247.0,7.0,13.06,20.16,0.99,0.04,4.26,35.06,0.99
Maxime Gonalons,Left Defensive Midfield,275,23.0,29.0,0.0,0.0,6.0,77.0,0.0,7.53,9.49,0.0,0.0,1.96,25.2,0.0
Maximiliano Gastón López,Center Forward,178,12.0,14.0,2.0,0.19579486000000001,1.0,10.0,0.0,6.07,7.08,1.01,0.1,0.51,5.06,0.0
Maximiliano Gómez González,Right Center Forward,540,75.0,96.0,13.0,2.880959561,15.0,74.0,1.0,12.5,16.0,2.17,0.48,2.5,12.33,0.17
Maximiliano Rubén Rodríguez,Right Midfield,595,134.0,165.0,15.0,1.643683985,31.0,88.0,4.0,20.27,24.96,2.27,0.25,4.69,13.31,0.61
Maxwell Scherrer Cabelino Andrade,Left Back,4447,2619.0,3038.0,12.0,0.43739124399999996,169.0,385.0,29.0,53.0,61.48,0.24,0.01,3.42,7.79,0.59
Mehdi Carcela-González,Right Wing,92,9.0,15.0,0.0,0.0,2.0,34.0,3.0,8.8,14.67,0.0,0.0,1.96,33.26,2.93
Mehdi Lacen,Left Defensive Midfield,3704,1425.0,1777.0,15.0,0.387779496,272.0,1103.0,18.0,34.62,43.18,0.36,0.01,6.61,26.8,0.44
Mehmet Topal,Right Center Midfield,91,6.0,6.0,0.0,0.0,1.0,2.0,0.0,5.93,5.93,0.0,0.0,0.99,1.98,0.0
Mesut Özil,Center Attacking Midfield,365,93.0,132.0,1.0,0.045197316,16.0,158.0,6.0,22.93,32.55,0.25,0.01,3.95,38.96,1.48
Michael Essien,Right Back,181,34.0,47.0,0.0,0.0,4.0,11.0,0.0,16.91,23.37,0.0,0.0,1.99,5.47,0.0
Michael Krohn-Dehli,Left Wing,2730,846.0,1053.0,27.0,3.2238686544,98.0,351.0,20.0,27.89,34.71,0.89,0.11,3.23,11.57,0.66
Michael Nicolás Santos Rosadilla,Left Center Forward,92,0.0,0.0,0.0,0.0,0.0,3.0,0.0,0.0,0.0,0.0,0.0,0.0,2.93,0.0
Michaël Pereira,Right Midfield,365,49.0,93.0,2.0,0.194408146,17.0,68.0,4.0,12.08,22.93,0.49,0.05,4.19,16.77,0.99
Mickaël Ciani,Left Center Back,134,72.0,96.0,0.0,0.0,5.0,16.0,0.0,48.36,64.48,0.0,0.0,3.36,10.75,0.0
Mickaël Malsa,Left Defensive Midfield,183,57.0,65.0,1.0,0.04825952,12.0,30.0,1.0,28.03,31.97,0.49,0.02,5.9,14.75,0.49
Miguel Alfonso Herrero Javaloyas,Right Center Midfield,781,223.0,262.0,1.0,0.0053385976,33.0,200.0,5.0,25.7,30.19,0.12,0.0,3.8,23.05,0.58
Miguel Arturo Layún Prado,Right Back,91,18.0,22.0,2.0,0.07594076,3.0,5.0,0.0,17.8,21.76,1.98,0.08,2.97,4.95,0.0
Miguel Baeza Pérez,Right Wing,179,14.0,16.0,2.0,0.168440385,1.0,13.0,0.0,7.04,8.04,1.01,0.08,0.5,6.54,0.0
Miguel Filipe Nunes Cardoso,Right Center Midfield,277,12.0,16.0,3.0,0.093227425,2.0,12.0,1.0,3.9,5.2,0.97,0.03,0.65,3.9,0.32
Miguel Flaño Bezunartea,Left Center Back,795,108.0,156.0,3.0,0.331848284,38.0,59.0,0.0,12.23,17.66,0.34,0.04,4.3,6.68,0.0
Miguel Marcos Madera,Right Defensive Midfield,435,67.0,97.0,1.0,0.0064611016,19.0,83.0,1.0,13.86,20.07,0.21,0.0,3.93,17.17,0.21
Miguel Pallardó González,Center Defensive Midfield,358,23.0,36.0,3.0,0.059171638,8.0,100.0,1.0,5.78,9.05,0.75,0.01,2.01,25.14,0.25
Miguel Pérez Cuesta,Center Attacking Midfield,179,24.0,42.0,4.0,0.216563247,9.0,59.0,1.0,12.07,21.12,2.01,0.11,4.53,29.66,0.5
Miguel Torres Gómez,Left Back,2769,846.0,1179.0,2.0,0.258722893,68.0,356.0,6.0,27.5,38.32,0.07,0.01,2.21,11.57,0.2
Miguel Ángel Angulo Valderrey,Right Midfield,273,40.0,56.0,1.0,0.44065568,7.0,47.0,1.0,13.19,18.46,0.33,0.15,2.31,15.49,0.33
Miguel Ángel De las Cuevas Barberá,Left Wing,600,132.0,180.0,2.0,0.0196615285,31.0,129.0,10.0,19.8,27.0,0.3,0.0,4.65,19.35,1.5
Miguel Ángel Ferrer Martínez,Center Forward,181,18.0,27.0,2.0,0.137629662,5.0,20.0,1.0,8.95,13.43,0.99,0.07,2.49,9.94,0.5
Miguel Ángel García Pérez Roldán,Center Attacking Midfield,582,137.0,190.0,4.0,0.2754843877,28.0,85.0,8.0,21.19,29.38,0.62,0.04,4.33,13.14,1.24
Miguel Ángel Guerrero Martín,Center Forward,2052,243.0,321.0,27.0,3.095333658,35.0,325.0,20.0,10.66,14.08,1.18,0.14,1.54,14.25,0.88
Miguel Ángel Lozano Ayala,Right Defensive Midfield,330,112.0,151.0,2.0,0.14435526999999998,16.0,44.0,0.0,30.55,41.18,0.55,0.04,4.36,12.0,0.0
Miguel Ángel Moyà Rumbo,Goalkeeper,726,144.0,256.0,0.0,0.0,52.0,2.0,1.0,17.85,31.74,0.0,0.0,6.45,0.25,0.12
Miguel Ángel Muñoz Alonso,Right Back,218,75.0,91.0,0.0,0.0,6.0,41.0,1.0,30.96,37.57,0.0,0.0,2.48,16.93,0.41
Miguel Ángel Nieto de la Calle,Center Attacking Midfield,92,2.0,4.0,0.0,0.0,2.0,8.0,0.0,1.96,3.91,0.0,0.0,1.96,7.83,0.0
Miguel Ángel Salgado Fernández,Right Back,271,86.0,113.0,1.0,0.13454662,6.0,67.0,3.0,28.56,37.53,0.33,0.04,1.99,22.25,1.0
Mikel Aguirregomezkorta Larrea,Center Forward,97,18.0,25.0,0.0,0.0,3.0,10.0,0.0,16.7,23.2,0.0,0.0,2.78,9.28,0.0
Mikel Alonso Olano,Right Defensive Midfield,178,46.0,67.0,1.0,0.018859563,11.0,64.0,2.0,23.26,33.88,0.51,0.01,5.56,32.36,1.01
Mikel Aranburu Eizagirre,Center Attacking Midfield,416,92.0,124.0,3.0,0.070595517,24.0,129.0,6.0,19.9,26.83,0.65,0.02,5.19,27.91,1.3
Mikel Arruabarrena Aranbide,Center Attacking Midfield,550,32.0,34.0,1.0,0.908745,1.0,21.0,0.0,5.24,5.56,0.16,0.15,0.16,3.44,0.0
Mikel Balenziaga Oruesagasti,Left Back,3896,1416.0,1880.0,11.0,0.20483282749999998,200.0,603.0,30.0,32.71,43.43,0.25,0.0,4.62,13.93,0.69
Mikel González de Martín Martínez,Right Center Back,2414,580.0,736.0,7.0,0.592100641,79.0,228.0,7.0,21.62,27.44,0.26,0.02,2.95,8.5,0.26
Mikel Merino Zazón,Left Center Midfield,556,235.0,280.0,6.0,0.295862061,28.0,164.0,5.0,38.04,45.32,0.97,0.05,4.53,26.55,0.81
Mikel Oyarzabal Ugarte,Left Wing,2745,528.0,737.0,50.0,4.87518643,115.0,546.0,27.0,17.31,24.16,1.64,0.16,3.77,17.9,0.89
Mikel Rico Moreno,Left Defensive Midfield,2163,511.0,650.0,15.0,1.6214361160000001,110.0,376.0,12.0,21.26,27.05,0.62,0.07,4.58,15.64,0.5
Mikel San José Domínguez,Right Defensive Midfield,3893,1422.0,1808.0,29.0,2.435320415,183.0,737.0,20.0,32.87,41.8,0.67,0.06,4.23,17.04,0.46
Mikel Vesga Arruti,Left Defensive Midfield,599,126.0,152.0,0.0,0.0,16.0,124.0,3.0,18.93,22.84,0.0,0.0,2.4,18.63,0.45
Miralem Pjanić,Right Defensive Midfield,1454,617.0,675.0,14.0,0.969451416,26.0,75.0,6.0,38.19,41.78,0.87,0.06,1.61,4.64,0.37
Modeste M''bami,Right Center Midfield,182,45.0,55.0,0.0,0.0,8.0,62.0,7.0,22.25,27.2,0.0,0.0,3.96,30.66,3.46
Modibo Sagnan,Left Center Back,184,13.0,13.0,0.0,0.0,1.0,2.0,0.0,6.36,6.36,0.0,0.0,0.49,0.98,0.0
Mogammat Nasief Morris,Right Center Back,272,45.0,62.0,2.0,0.063967919,14.0,16.0,0.0,14.89,20.51,0.66,0.02,4.63,5.29,0.0
Mohamed Adama Sarr,Right Center Back,91,12.0,13.0,0.0,0.0,4.0,13.0,1.0,11.87,12.86,0.0,0.0,3.96,12.86,0.99
Mohamed El Yaagoubi,Left Wing,247,16.0,25.0,0.0,0.0,4.0,19.0,2.0,5.83,9.11,0.0,0.0,1.46,6.92,0.73
Mohamed Gasana Tchité,Right Center Forward,309,33.0,49.0,4.0,0.87143772,6.0,66.0,1.0,9.61,14.27,1.17,0.25,1.75,19.22,0.29
Mohamed Lamine Sissoko Gillan,Right Center Midfield,91,14.0,16.0,0.0,0.0,4.0,7.0,1.0,13.85,15.82,0.0,0.0,3.96,6.92,0.99
Mohamed Salisu,Left Center Back,91,18.0,20.0,0.0,0.0,2.0,9.0,0.0,17.8,19.78,0.0,0.0,1.98,8.9,0.0
Moisés Gómez Bordonado,Left Wing,2418,458.0,568.0,17.0,1.100920898,82.0,267.0,21.0,17.05,21.14,0.63,0.04,3.05,9.94,0.78
Moisés Hurtado Pérez,Left Center Midfield,499,127.0,163.0,3.0,0.19349042670000002,35.0,103.0,3.0,22.91,29.4,0.54,0.03,6.31,18.58,0.54
Moriba Kourouma Kourouma,Right Center Midfield,1143,311.0,338.0,13.0,1.14909956,22.0,141.0,11.0,24.49,26.61,1.02,0.09,1.73,11.1,0.87
Mouctar Diakhaby,Left Center Back,183,21.0,22.0,1.0,0.22057752,3.0,13.0,0.0,10.33,10.82,0.49,0.11,1.48,6.39,0.0
Moussa Wagué,Right Back,185,91.0,113.0,0.0,0.0,4.0,14.0,5.0,44.27,54.97,0.0,0.0,1.95,6.81,2.43
Mubarak Wakaso,Left Midfield,2094,489.0,635.0,22.0,0.6876098727,100.0,322.0,26.0,21.02,27.29,0.95,0.03,4.3,13.84,1.12
Munir El Haddadi Mohamed,Right Wing,3081,492.0,635.0,45.0,8.417256483,75.0,300.0,23.0,14.37,18.55,1.31,0.25,2.19,8.76,0.67
Mário Fernando Magalhães da Silva,Left Back,92,25.0,38.0,0.0,0.0,2.0,10.0,1.0,24.46,37.17,0.0,0.0,1.96,9.78,0.98
Míchel Macedo Rocha Machado,Right Back,628,188.0,240.0,0.0,0.0,26.0,52.0,4.0,26.94,34.39,0.0,0.0,3.73,7.45,0.57
Nabil Baha,Center Attacking Midfield,217,27.0,61.0,2.0,0.09370907799999999,7.0,71.0,2.0,11.2,25.3,0.83,0.04,2.9,29.45,0.83
Nabil El Zhar,Right Midfield,3353,603.0,787.0,39.0,2.7535378665,125.0,371.0,43.0,16.19,21.12,1.05,0.07,3.36,9.96,1.15
Nabil Fekir,Center Attacking Midfield,156,38.0,46.0,4.0,0.29170228,7.0,32.0,2.0,21.92,26.54,2.31,0.17,4.04,18.46,1.15
Nabil Ghilas,Right Center Forward,1788,163.0,258.0,22.0,1.706602535,32.0,188.0,20.0,8.2,12.99,1.11,0.09,1.61,9.46,1.01
Narcisse-Olivier Kapo Obou,Left Wing,92,13.0,22.0,2.0,0.059267901,5.0,17.0,0.0,12.72,21.52,1.96,0.06,4.89,16.63,0.0
Natalio Lorenzo Poquet,Right Center Forward,92,2.0,2.0,0.0,0.0,0.0,2.0,0.0,1.96,1.96,0.0,0.0,0.0,1.96,0.0
Nauzet Alemán Viera,Right Midfield,952,119.0,163.0,3.0,0.181780575,13.0,53.0,2.0,11.25,15.41,0.28,0.02,1.23,5.01,0.19
Nehuén Pérez,Left Center Back,90,9.0,12.0,0.0,0.0,1.0,10.0,0.0,9.0,12.0,0.0,0.0,1.0,10.0,0.0
Nelson Antonio Haedo Valdez,Center Attacking Midfield,235,25.0,38.0,4.0,0.449495094,12.0,71.0,2.0,9.57,14.55,1.53,0.17,4.6,27.19,0.77
Nemanja Gudelj,Right Center Midfield,187,15.0,16.0,0.0,0.0,1.0,8.0,0.0,7.22,7.7,0.0,0.0,0.48,3.85,0.0
Nemanja Maksimović,Right Defensive Midfield,416,50.0,70.0,2.0,0.076185193,10.0,171.0,0.0,10.82,15.14,0.43,0.02,2.16,37.0,0.0
Nemanja Radoja,Right Defensive Midfield,3095,777.0,940.0,8.0,0.4475321863,118.0,428.0,21.0,22.59,27.33,0.23,0.01,3.43,12.45,0.61
Nenad Mirosavljević,Center Attacking Midfield,90,1.0,2.0,2.0,0.36047433,0.0,3.0,0.0,1.0,2.0,2.0,0.36,0.0,3.0,0.0
Neymar da Silva Santos Junior,Left Wing,9934,4588.0,5842.0,348.0,53.3978710225,456.0,1311.0,564.0,41.57,52.93,3.15,0.48,4.13,11.88,5.11
Nicki Niels Bille Nielsen,Left Back,91,4.0,8.0,0.0,0.0,1.0,8.0,0.0,3.96,7.91,0.0,0.0,0.99,7.91,0.0
Nicola Sansone,Right Center Forward,272,30.0,39.0,6.0,0.440889541,4.0,53.0,1.0,9.93,12.9,1.99,0.15,1.32,17.54,0.33
Nicolás Federico López Alonso,Left Wing,687,35.0,60.0,7.0,0.383783559,18.0,31.0,7.0,4.59,7.86,0.92,0.05,2.36,4.06,0.92
Nicolás Hernán Otamendi,Left Center Back,186,41.0,53.0,1.0,0.054427154,8.0,24.0,0.0,19.84,25.65,0.48,0.03,3.87,11.61,0.0
Nicolás Ladislao Fedor Flores,Center Forward,2372,368.0,498.0,49.0,10.422649933,84.0,433.0,20.0,13.96,18.9,1.86,0.4,3.19,16.43,0.76
Nicolás Martín Pareja,Right Center Back,792,234.0,303.0,2.0,0.070859132,27.0,92.0,1.0,26.59,34.43,0.23,0.01,3.07,10.45,0.11
Nihat Kahveci,Right Center Forward,181,14.0,17.0,2.0,0.197093273,1.0,5.0,1.0,6.96,8.45,0.99,0.1,0.5,2.49,0.5
Nikola Vukčević,Center Defensive Midfield,301,68.0,72.0,0.0,0.0,0.0,56.0,0.0,20.33,21.53,0.0,0.0,0.0,16.74,0.0
Nikola Žigić,Center Forward,251,34.0,51.0,4.0,1.262950053,3.0,47.0,1.0,12.19,18.29,1.43,0.45,1.08,16.85,0.36
Nikolaos Karabelas,Left Back,184,45.0,79.0,0.0,0.0,5.0,38.0,1.0,22.01,38.64,0.0,0.0,2.45,18.59,0.49
Nilmar Honorato da Silva,Left Center Forward,327,35.0,53.0,4.0,0.804480595,10.0,53.0,4.0,9.63,14.59,1.1,0.22,2.75,14.59,1.1
Nivaldo Batista Santana,Left Back,91,5.0,9.0,0.0,0.0,1.0,0.0,0.0,4.95,8.9,0.0,0.0,0.99,0.0,0.0
Norberto Murara Neto,Goalkeeper,1105,289.0,351.0,0.0,0.0,35.0,0.0,0.0,23.54,28.59,0.0,0.0,2.85,0.0,0.0
Nordin Amrabat,Right Center Forward,1235,240.0,376.0,36.0,3.1416577674,71.0,211.0,33.0,17.49,27.4,2.62,0.23,5.17,15.38,2.4
Noé Elias Pamarot,Left Center Back,92,5.0,8.0,0.0,0.0,1.0,4.0,0.0,4.89,7.83,0.0,0.0,0.98,3.91,0.0
Nuno Ricardo de Oliveira Ribeiro,Right Center Midfield,223,73.0,85.0,3.0,0.0488940936,8.0,18.0,0.0,29.46,34.3,1.21,0.02,3.23,7.26,0.0
Nélson Augusto Tomar Marcos,Right Back,358,109.0,161.0,0.0,0.0,17.0,55.0,2.0,27.4,40.47,0.0,0.0,4.27,13.83,0.5
Nélson Cabral Semedo,Right Back,6114,3290.0,3675.0,14.0,1.340618142,234.0,686.0,93.0,48.43,54.1,0.21,0.02,3.44,10.1,1.37
Nélson Miguel Castro Oliveira,Center Forward,162,28.0,35.0,2.0,0.036293632,8.0,38.0,1.0,15.56,19.44,1.11,0.02,4.44,21.11,0.56
Néstor Alejandro Araújo Razo,Right Center Back,434,157.0,176.0,2.0,0.481809953,15.0,33.0,0.0,32.56,36.5,0.41,0.1,3.11,6.84,0.0
Néstor Díaz García,Goalkeeper,97,2.0,2.0,0.0,0.0,0.0,0.0,0.0,1.86,1.86,0.0,0.0,0.0,0.0,0.0
Néstor Fabián Canobbio Bentaberry,Center Attacking Midfield,427,131.0,169.0,1.0,0.046720576,19.0,79.0,1.0,27.61,35.62,0.21,0.01,4.0,16.65,0.21
Odion Jude Ighalo,Center Forward,169,25.0,33.0,1.0,0.84068847,7.0,48.0,6.0,13.31,17.57,0.53,0.45,3.73,25.56,3.2
Oghenekaro Etebo,Right Defensive Midfield,157,32.0,42.0,2.0,0.022772083,7.0,37.0,1.0,18.34,24.08,1.15,0.01,4.01,21.21,0.57
Ognjen Vranješ,Right Back,991,267.0,384.0,0.0,0.0,31.0,177.0,4.0,24.25,34.87,0.0,0.0,2.82,16.07,0.36
Oier Olazábal Paredes,Goalkeeper,545,95.0,171.0,0.0,0.0,25.0,2.0,0.0,15.69,28.24,0.0,0.0,4.13,0.33,0.0
Oier Sanjurjo Mate,Right Back,679,103.0,150.0,1.0,0.053248513,32.0,120.0,4.0,13.65,19.88,0.13,0.01,4.24,15.91,0.53
Okay Yokuşlu,Center Defensive Midfield,105,29.0,35.0,0.0,0.0,4.0,22.0,0.0,24.86,30.0,0.0,0.0,3.43,18.86,0.0
Olarenwaju Ayoba Kayode,Center Forward,92,3.0,4.0,2.0,0.456188304,1.0,24.0,0.0,2.93,3.91,1.96,0.45,0.98,23.48,0.0
Oleguer Presas Renom,Right Back,4121,1661.0,1950.0,7.0,0.877834742,171.0,438.0,20.0,36.28,42.59,0.15,0.02,3.73,9.57,0.44
Oliver Burke,Left Midfield,130,9.0,14.0,0.0,0.0,1.0,12.0,1.0,6.23,9.69,0.0,0.0,0.69,8.31,0.69
Omar Mascarell González,Right Defensive Midfield,2251,621.0,851.0,11.0,0.306479805,101.0,444.0,9.0,24.83,34.02,0.44,0.01,4.04,17.75,0.36
Omobolaji Habeeb Adekanye,Left Midfield,93,0.0,0.0,1.0,0.16040003,0.0,2.0,0.0,0.0,0.0,0.97,0.16,0.0,1.94,0.0
Orestis Karnezis,Goalkeeper,92,17.0,35.0,0.0,0.0,5.0,0.0,0.0,16.63,34.24,0.0,0.0,4.89,0.0,0.0
Oriol Lozano Farrán,Right Center Back,528,106.0,144.0,2.0,0.079907986,15.0,53.0,2.0,18.07,24.55,0.34,0.01,2.56,9.03,0.34
Oriol Riera Magem,Right Center Forward,2271,225.0,344.0,26.0,3.4212502359999997,30.0,236.0,8.0,8.92,13.63,1.03,0.14,1.19,9.35,0.32
Oriol Romeu Vidal,Right Defensive Midfield,91,40.0,46.0,0.0,0.0,6.0,17.0,0.0,39.56,45.49,0.0,0.0,5.93,16.81,0.0
Osvaldo Nicolás Fabián Gaitán,Left Midfield,92,9.0,10.0,0.0,0.0,0.0,6.0,0.0,8.8,9.78,0.0,0.0,0.0,5.87,0.0
Ousmane Dembélé,Right Wing,5708,1976.0,2464.0,101.0,9.61525498,166.0,713.0,168.0,31.16,38.85,1.59,0.15,2.62,11.24,2.65
Oussama Tannane,Right Wing,92,36.0,43.0,3.0,0.20881760400000002,2.0,14.0,1.0,35.22,42.07,2.93,0.2,1.96,13.7,0.98
Pablo Andrés Contreras Fica,Right Center Back,93,21.0,33.0,0.0,0.0,6.0,6.0,0.0,20.32,31.94,0.0,0.0,5.81,5.81,0.0
Pablo Cendrós López,Right Back,179,66.0,84.0,0.0,0.0,4.0,40.0,0.0,33.18,42.23,0.0,0.0,2.01,20.11,0.0
Pablo César Aimar Giordano,Left Center Midfield,165,68.0,85.0,0.0,0.0,9.0,44.0,0.0,37.09,46.36,0.0,0.0,4.91,24.0,0.0
Pablo César Pintos Cabral,Right Back,92,28.0,42.0,0.0,0.0,3.0,29.0,0.0,27.39,41.09,0.0,0.0,2.93,28.37,0.0
Pablo Daniel Osvaldo,Center Forward,262,41.0,51.0,11.0,1.1596178406,8.0,30.0,6.0,14.08,17.52,3.78,0.4,2.75,10.31,2.06
Pablo Daniel Piatti,Left Wing,2633,316.0,479.0,20.0,2.270453072,98.0,503.0,26.0,10.8,16.37,0.68,0.08,3.35,17.19,0.89
Pablo Domingo Cáceres Rodríguez,Left Back,93,36.0,48.0,0.0,0.0,5.0,18.0,0.0,34.84,46.45,0.0,0.0,4.84,17.42,0.0
Pablo Ezequiel De Blasis,Right Back,365,112.0,144.0,3.0,0.202618086,19.0,52.0,0.0,27.62,35.51,0.74,0.05,4.68,12.82,0.0
Pablo Fornals Malla,Left Defensive Midfield,2612,671.0,870.0,27.0,1.7407606768,120.0,305.0,20.0,23.12,29.98,0.93,0.06,4.13,10.51,0.69
Pablo Hernández Domínguez,Right Wing,2829,929.0,1261.0,48.0,3.8044953565,142.0,471.0,38.0,29.55,40.12,1.53,0.12,4.52,14.98,1.21
Pablo Hervías Ruiz,Right Back,370,90.0,117.0,3.0,0.0484451525,10.0,21.0,3.0,21.89,28.46,0.73,0.01,2.43,5.11,0.73
Pablo Ibáñez Tébar,Right Center Back,459,80.0,96.0,1.0,0.11059694,13.0,38.0,0.0,15.69,18.82,0.2,0.02,2.55,7.45,0.0
Pablo Javier Zabaleta Girod,Right Back,237,46.0,76.0,2.0,0.026172576,17.0,44.0,0.0,17.47,28.86,0.76,0.01,6.46,16.71,0.0
Pablo Maffeo Becerra,Right Wing Back,247,67.0,92.0,1.0,0.10047175,9.0,47.0,4.0,24.41,33.52,0.36,0.04,3.28,17.13,1.46
Pablo Orbaiz Lesaka,Right Defensive Midfield,403,129.0,171.0,3.0,0.09893310400000001,33.0,91.0,3.0,28.81,38.19,0.67,0.02,7.37,20.32,0.67
Pablo Pinillos Caro,Right Back,723,167.0,236.0,0.0,0.0,26.0,98.0,3.0,20.79,29.38,0.0,0.0,3.24,12.2,0.37
Pablo Pérez Rodríguez,Right Wing,1450,162.0,261.0,18.0,1.750078349,32.0,169.0,5.0,10.06,16.2,1.12,0.11,1.99,10.49,0.31
Pablo Sarabia García,Right Wing,3502,945.0,1466.0,83.0,5.4466952026,218.0,855.0,50.0,24.29,37.68,2.13,0.14,5.6,21.97,1.28
Pablo Sebastián Valeira Álvarez,Right Back,91,9.0,18.0,0.0,0.0,3.0,17.0,0.0,8.9,17.8,0.0,0.0,2.97,16.81,0.0
Pablo Sicilia Roig,Left Center Back,176,21.0,30.0,1.0,0.15801848,4.0,40.0,0.0,10.74,15.34,0.51,0.08,2.05,20.45,0.0
Pablo Álvarez Nuñez,Center Attacking Midfield,322,25.0,36.0,0.0,0.0,5.0,52.0,1.0,6.99,10.06,0.0,0.0,1.4,14.53,0.28
Pablo Ínsua Blanco,Left Center Back,431,88.0,102.0,1.0,0.054010592,13.0,58.0,0.0,18.38,21.3,0.21,0.01,2.71,12.11,0.0
Papa Babacar Diawara,Center Forward,108,17.0,25.0,1.0,0.076995544,3.0,29.0,0.0,14.17,20.83,0.83,0.06,2.5,24.17,0.0
Papa Kouly Diop,Left Defensive Midfield,3860,1273.0,1667.0,32.0,1.821970045,241.0,843.0,22.0,29.68,38.87,0.75,0.04,5.62,19.66,0.51
Pape Cheikh Diop Gueye,Left Center Midfield,448,44.0,47.0,0.0,0.0,11.0,24.0,3.0,8.84,9.44,0.0,0.0,2.21,4.82,0.6
Pascal Cygan,Left Center Back,175,36.0,44.0,0.0,0.0,6.0,13.0,0.0,18.51,22.63,0.0,0.0,3.09,6.69,0.0
Patrick Claude Ekeng Ekeng,Center Attacking Midfield,179,32.0,44.0,1.0,0.027997525,6.0,63.0,0.0,16.09,22.12,0.5,0.01,3.02,31.68,0.0
Patrick Ebert,Center Attacking Midfield,670,189.0,272.0,10.0,1.1639035636000001,26.0,108.0,5.0,25.39,36.54,1.34,0.16,3.49,14.51,0.67
Patrick Jan Mtiliga,Left Back,91,37.0,40.0,0.0,0.0,5.0,14.0,1.0,36.59,39.56,0.0,0.0,4.95,13.85,0.99
Patrick Twumasi,Right Midfield,93,4.0,8.0,0.0,0.0,0.0,4.0,0.0,3.87,7.74,0.0,0.0,0.0,3.87,0.0
Pau Francisco Torres,Left Center Back,367,187.0,205.0,0.0,0.0,17.0,35.0,4.0,45.86,50.27,0.0,0.0,4.17,8.58,0.98
Pau López Sabata,Goalkeeper,3535,613.0,1080.0,0.0,0.0,179.0,8.0,0.0,15.61,27.5,0.0,0.0,4.56,0.2,0.0
Paul Baysse,Left Center Back,92,20.0,26.0,1.0,0.05474838,4.0,17.0,0.0,19.57,25.43,0.98,0.05,3.91,16.63,0.0
Paulo Afonso Santos Júnior,Right Center Back,92,42.0,45.0,0.0,0.0,3.0,8.0,0.0,41.09,44.02,0.0,0.0,2.93,7.83,0.0
Paulo André Rodrigues de Oliveira,Right Center Back,270,98.0,118.0,0.0,0.0,7.0,25.0,1.0,32.67,39.33,0.0,0.0,2.33,8.33,0.33
Paulo Assunção da Silva,Right Center Midfield,568,207.0,264.0,2.0,0.039810932,22.0,260.0,8.0,32.8,41.83,0.32,0.01,3.49,41.2,1.27
Paulo César Da Silva Barrios,Right Center Back,185,19.0,27.0,1.0,0.031612072,6.0,31.0,0.0,9.24,13.14,0.49,0.02,2.92,15.08,0.0
Paulo Henrique Chagas de Lima,Left Center Forward,93,10.0,14.0,0.0,0.0,2.0,6.0,0.0,9.68,13.55,0.0,0.0,1.94,5.81,0.0
Pedro Alcalá Guirado,Right Center Back,278,49.0,64.0,1.0,0.116277054,5.0,30.0,1.0,15.86,20.72,0.32,0.04,1.62,9.71,0.32
Pedro Andrés Morales Flores,Right Center Midfield,92,6.0,9.0,0.0,0.0,0.0,5.0,1.0,5.87,8.8,0.0,0.0,0.0,4.89,0.98
Pedro Antonio Porro Sauceda,Right Back,177,63.0,83.0,0.0,0.0,8.0,26.0,2.0,32.03,42.2,0.0,0.0,4.07,13.22,1.02
Pedro Bigas Rigo,Left Center Back,2816,1172.0,1407.0,18.0,1.376943305,86.0,311.0,19.0,37.46,44.97,0.58,0.04,2.75,9.94,0.61
Pedro Eliezer Rodríguez Ledesma,Right Wing,14952,4814.0,5751.0,256.0,36.8496447309,551.0,1773.0,208.0,28.98,34.62,1.54,0.22,3.32,10.67,1.25
Pedro Gonzalez Contreras Cano,Goalkeeper,94,13.0,29.0,0.0,0.0,3.0,1.0,0.0,12.45,27.77,0.0,0.0,2.87,0.96,0.0
Pedro González López,Left Center Midfield,2802,1437.0,1644.0,22.0,3.6360045579999998,121.0,638.0,22.0,46.16,52.81,0.71,0.12,3.89,20.49,0.71
Pedro León Sánchez Gil,Right Wing,3210,561.0,940.0,53.0,3.8240043485,116.0,529.0,64.0,15.73,26.36,1.49,0.11,3.25,14.83,1.79
Pedro López Muñoz,Right Back,2377,817.0,1075.0,10.0,0.5578005619999999,112.0,372.0,31.0,30.93,40.7,0.38,0.02,4.24,14.08,1.17
Pedro Manuel Munitis Álvarez,Right Center Forward,685,124.0,187.0,6.0,0.5586473860000001,25.0,185.0,4.0,16.29,24.57,0.79,0.07,3.28,24.31,0.53
Pedro Mario Álvarez Abrante,Right Center Back,428,107.0,129.0,0.0,0.0,21.0,30.0,2.0,22.5,27.13,0.0,0.0,4.42,6.31,0.42
Pedro Mosquera Parada,Left Defensive Midfield,3783,1723.0,2094.0,31.0,1.5523869084,213.0,1015.0,17.0,40.99,49.82,0.74,0.04,5.07,24.15,0.4
Pedro Pablo Hernández,Left Center Midfield,2920,1219.0,1545.0,29.0,1.9363360136,170.0,615.0,34.0,37.57,47.62,0.89,0.06,5.24,18.96,1.05
Pedro Roberto Silva Botelho,Right Back,169,39.0,62.0,0.0,0.0,12.0,53.0,1.0,20.77,33.02,0.0,0.0,6.39,28.22,0.53
Pedro Ríos Maestre,Right Wing,522,74.0,114.0,0.0,0.0,19.0,75.0,5.0,12.76,19.66,0.0,0.0,3.28,12.93,0.86
Pedro Taunausú Domínguez Placeres,Center Attacking Midfield,2460,1045.0,1263.0,31.0,2.806223571,138.0,587.0,37.0,38.23,46.21,1.13,0.1,5.05,21.48,1.35
Pedro Tonon Geromel,Right Center Back,92,20.0,28.0,0.0,0.0,4.0,7.0,1.0,19.57,27.39,0.0,0.0,3.91,6.85,0.98
Pere Pons Riera,Center Defensive Midfield,634,187.0,228.0,5.0,0.54586641,25.0,169.0,5.0,26.55,32.37,0.71,0.08,3.55,23.99,0.71
Pervis Josué Estupiñán Tenorio,Left Back,279,75.0,111.0,2.0,0.055341967000000006,14.0,34.0,0.0,24.19,35.81,0.65,0.02,4.52,10.97,0.0
Peter Luccin,Right Defensive Midfield,460,107.0,129.0,0.0,0.0,23.0,54.0,4.0,20.93,25.24,0.0,0.0,4.5,10.57,0.78
Petros Matheus dos Santos Araújo,Right Defensive Midfield,2705,1022.0,1240.0,9.0,0.842020379,175.0,811.0,31.0,34.0,41.26,0.3,0.03,5.82,26.98,1.03
Philippe Coutinho Correia,Left Wing,4815,2242.0,2625.0,120.0,11.7218695362,180.0,523.0,102.0,41.91,49.07,2.24,0.22,3.36,9.78,1.91
Pierre Achille Webó Kouamo,Center Forward,584,76.0,117.0,10.0,0.9595739309,21.0,91.0,2.0,11.71,18.03,1.54,0.15,3.24,14.02,0.31
Pione Sisto Ifolo Emirmija,Left Midfield,414,107.0,125.0,8.0,0.4530193895,12.0,58.0,1.0,23.26,27.17,1.74,0.1,2.61,12.61,0.22
Piotr Trochowski,Center Attacking Midfield,372,64.0,85.0,3.0,0.113969007,12.0,66.0,0.0,15.48,20.56,0.73,0.03,2.9,15.97,0.0
Przemysław Tytoń,Goalkeeper,184,30.0,45.0,0.0,0.0,9.0,0.0,0.0,14.67,22.01,0.0,0.0,4.4,0.0,0.0
Rachid Aït-Atmane,Left Defensive Midfield,1615,384.0,511.0,6.0,0.359132734,106.0,246.0,8.0,21.4,28.48,0.33,0.02,5.91,13.71,0.45
Radamel Falcao García Zárate,Center Forward,335,66.0,76.0,11.0,1.931876454,6.0,56.0,4.0,17.73,20.42,2.96,0.52,1.61,15.04,1.07
Rafael Alcântara do Nascimento,Right Center Midfield,4065,1482.0,1638.0,39.0,4.327861306,167.0,503.0,63.0,32.81,36.27,0.86,0.1,3.7,11.14,1.39
Rafael Augusto Sóbis do Nascimento,Right Wing,92,8.0,11.0,1.0,0.015380181,3.0,1.0,0.0,7.83,10.76,0.98,0.02,2.93,0.98,0.0
Rafael Barber Rodríguez,Left Defensive Midfield,252,50.0,65.0,2.0,0.281915854,5.0,32.0,4.0,17.86,23.21,0.71,0.1,1.79,11.43,1.43
Rafael Clavero Prados,Left Back,92,15.0,23.0,0.0,0.0,2.0,22.0,0.0,14.67,22.5,0.0,0.0,1.96,21.52,0.0
Rafael Jesús Navarro Mazuelos,Right Wing Back,92,1.0,1.0,0.0,0.0,0.0,4.0,0.0,0.98,0.98,0.0,0.0,0.0,3.91,0.0
Rafael Jiménez Jarque,Right Center Back,180,10.0,18.0,0.0,0.0,1.0,11.0,1.0,5.0,9.0,0.0,0.0,0.5,5.5,0.5
Rafael López Gómez,Right Center Back,637,200.0,251.0,1.0,0.05689617,21.0,86.0,0.0,28.26,35.46,0.14,0.01,2.97,12.15,0.0
Rafael Mir Vicente,Center Forward,181,24.0,31.0,6.0,2.193184584,8.0,31.0,1.0,11.93,15.41,2.98,1.09,3.98,15.41,0.5
Rafael Márquez Álvarez,Right Center Back,7415,4122.0,4837.0,68.0,4.0944890412,301.0,588.0,17.0,50.03,58.71,0.83,0.05,3.65,7.14,0.21
Rafael Ramos Lozano,Right Back,90,23.0,32.0,0.0,0.0,4.0,27.0,0.0,23.0,32.0,0.0,0.0,4.0,27.0,0.0
Rafael Romero Serrano,Right Back,91,9.0,13.0,0.0,0.0,1.0,7.0,0.0,8.9,12.86,0.0,0.0,0.99,6.92,0.0
Rafael Sastre Reus,Right Back,238,47.0,80.0,0.0,0.0,7.0,25.0,0.0,17.77,30.25,0.0,0.0,2.65,9.45,0.0
Rafael van der Vaart,Center Attacking Midfield,824,110.0,153.0,9.0,0.705452682,12.0,80.0,0.0,12.01,16.71,0.98,0.08,1.31,8.74,0.0
Rahamat Riga Mustapha,Left Center Forward,269,44.0,64.0,7.0,0.913990426,15.0,54.0,7.0,14.72,21.41,2.34,0.31,5.02,18.07,2.34
Ramon Olamilekan Azeez,Center Attacking Midfield,406,52.0,71.0,3.0,0.8000486800000001,18.0,128.0,2.0,11.53,15.74,0.67,0.18,3.99,28.37,0.44
Ramón de Quintana Dalmau,Right Center Back,91,12.0,27.0,0.0,0.0,6.0,10.0,0.0,11.87,26.7,0.0,0.0,5.93,9.89,0.0
Raoul Cédric Loé,Left Defensive Midfield,269,71.0,99.0,3.0,0.11526172800000001,14.0,67.0,1.0,23.75,33.12,1.0,0.04,4.68,22.42,0.33
Raphaël Varane,Right Center Back,3335,1424.0,1624.0,20.0,1.867486087,105.0,261.0,11.0,38.43,43.83,0.54,0.05,2.83,7.04,0.3
Raúl Albentosa Redal,Right Center Back,2992,836.0,1165.0,20.0,1.9377547960000001,121.0,236.0,5.0,25.15,35.04,0.6,0.06,3.64,7.1,0.15
Raúl Albiol i Tortajada,Right Center Back,1029,306.0,383.0,1.0,0.045139167,30.0,123.0,3.0,26.76,33.5,0.09,0.0,2.62,10.76,0.26
Raúl García Carnero,Left Back,472,62.0,91.0,0.0,0.0,10.0,41.0,1.0,11.82,17.35,0.0,0.0,1.91,7.82,0.19
Raúl García Escudero,Center Attacking Midfield,4652,992.0,1564.0,117.0,7.4606670421,196.0,1103.0,31.0,19.19,30.26,2.26,0.14,3.79,21.34,0.6
Raúl Goni Bayo,Right Back,91,32.0,48.0,0.0,0.0,2.0,18.0,1.0,31.65,47.47,0.0,0.0,1.98,17.8,0.99
Raúl González Blanco,Right Wing,644,110.0,142.0,8.0,0.6346909350000001,29.0,168.0,7.0,15.37,19.84,1.12,0.09,4.05,23.48,0.98
Raúl Lizoáin Cruz,Goalkeeper,731,173.0,295.0,0.0,0.0,46.0,1.0,0.0,21.3,36.32,0.0,0.0,5.66,0.12,0.0
Raúl Miguel Cámara,Left Back,176,30.0,45.0,0.0,0.0,9.0,30.0,0.0,15.34,23.01,0.0,0.0,4.6,15.34,0.0
Raúl Rodríguez Navarro,Right Back,363,97.0,123.0,1.0,0.085431136,15.0,37.0,1.0,24.05,30.5,0.25,0.02,3.72,9.17,0.25
Raúl Rodríguez Navas,Left Center Back,728,227.0,271.0,3.0,0.0662269637,39.0,85.0,6.0,28.06,33.5,0.37,0.01,4.82,10.51,0.74
Raúl Tamudo Montero,Center Forward,1008,83.0,124.0,19.0,2.725235212,25.0,167.0,9.0,7.41,11.07,1.7,0.24,2.23,14.91,0.8
Raúl Valbuena Cano,Goalkeeper,92,11.0,29.0,0.0,0.0,10.0,0.0,0.0,10.76,28.37,0.0,0.0,9.78,0.0,0.0
Raúl de Tomás Gómez,Left Center Forward,180,36.0,45.0,6.0,0.20704752499999998,3.0,32.0,4.0,18.0,22.5,3.0,0.1,1.5,16.0,2.0
Renan Augusto Lodi dos Santos,Left Back,183,35.0,51.0,1.0,0.0048615173,4.0,19.0,0.0,17.21,25.08,0.49,0.0,1.97,9.34,0.0
Renan Brito Soares,Goalkeeper,272,46.0,87.0,0.0,0.0,25.0,0.0,0.0,15.22,28.79,0.0,0.0,8.27,0.0,0.0
Renato Dirnei Florencio,Left Center Midfield,543,134.0,164.0,3.0,0.140644057,20.0,87.0,1.0,22.21,27.18,0.5,0.02,3.31,14.42,0.17
Rene Krhin,Right Defensive Midfield,2081,434.0,564.0,8.0,0.517734972,71.0,283.0,12.0,18.77,24.39,0.35,0.02,3.07,12.24,0.52
Ricard Puig Martí,Left Center Midfield,1941,673.0,738.0,10.0,0.8868906520000001,42.0,201.0,20.0,31.21,34.22,0.46,0.04,1.95,9.32,0.93
Ricardo Alberto Silveira de Carvalho,Left Center Back,181,37.0,45.0,0.0,0.0,8.0,12.0,1.0,18.4,22.38,0.0,0.0,3.98,5.97,0.5
Ricardo Alexandre Martins Soares Pereira,Goalkeeper,185,39.0,70.0,0.0,0.0,20.0,0.0,0.0,18.97,34.05,0.0,0.0,9.73,0.0,0.0
Ricardo Izecson dos Santos Leite,Center Attacking Midfield,331,62.0,76.0,3.0,0.040238366,5.0,60.0,9.0,16.86,20.66,0.82,0.01,1.36,16.31,2.45
Ricardo Jorge Luz Horta,Left Midfield,1362,253.0,335.0,22.0,1.4701290499,44.0,196.0,18.0,16.72,22.14,1.45,0.1,2.91,12.95,1.19
Ricardo López Felipe,Goalkeeper,639,124.0,227.0,0.0,0.0,33.0,0.0,0.0,17.46,31.97,0.0,0.0,4.65,0.0,0.0
Ricardo Miguel Moreira da Costa,Left Center Back,1803,515.0,622.0,12.0,1.192874255,47.0,175.0,2.0,25.71,31.05,0.6,0.06,2.35,8.74,0.1
Ricardo Pérez de Zabalza Goytre,Left Center Midfield,92,22.0,26.0,1.0,0.045822535,1.0,15.0,2.0,21.52,25.43,0.98,0.04,0.98,14.67,1.96
Ricardo Sanzol Goñi,Goalkeeper,92,19.0,42.0,0.0,0.0,9.0,0.0,0.0,18.59,41.09,0.0,0.0,8.8,0.0,0.0
Ricardo de Oliveira,Center Forward,166,19.0,28.0,6.0,0.578359157,3.0,22.0,4.0,10.3,15.18,3.25,0.31,1.63,11.93,2.17
Richard Javier Morales Aguirre,Right Center Forward,93,2.0,4.0,0.0,0.0,0.0,4.0,0.0,1.94,3.87,0.0,0.0,0.0,3.87,0.0
Richmond Yiadom Boakye,Right Wing,92,3.0,5.0,0.0,0.0,0.0,1.0,1.0,2.93,4.89,0.0,0.0,0.0,0.98,0.98
Ricky van Wolfswinkel,Right Center Forward,1468,116.0,170.0,15.0,2.11123673,19.0,120.0,4.0,7.11,10.42,0.92,0.13,1.16,7.36,0.25
Riza Durmisi,Left Wing Back,264,92.0,113.0,2.0,0.048894139,7.0,43.0,2.0,31.36,38.52,0.68,0.02,2.39,14.66,0.68
Robert Ibáñez Castro,Right Wing,1654,174.0,220.0,12.0,0.7203133429999999,57.0,149.0,13.0,9.47,11.97,0.65,0.04,3.1,8.11,0.71
Robert Kenedy Nunes do Nascimento,Left Midfield,177,6.0,10.0,1.0,0.011698737,2.0,9.0,2.0,3.05,5.08,0.51,0.01,1.02,4.58,1.02
Robert Navarro Muñoz,Right Center Midfield,93,17.0,22.0,0.0,0.0,2.0,19.0,0.0,16.45,21.29,0.0,0.0,1.94,18.39,0.0
Robert Pirès,Center Attacking Midfield,295,110.0,147.0,4.0,0.2949996675,22.0,63.0,8.0,33.56,44.85,1.22,0.09,6.71,19.22,2.44
Robert de Pinho de Souza,Left Wing,176,12.0,12.0,0.0,0.0,5.0,18.0,0.0,6.14,6.14,0.0,0.0,2.56,9.2,0.0
Roberto Antonio Correa Silva,Right Back,601,229.0,292.0,0.0,0.0,33.0,78.0,1.0,34.29,43.73,0.0,0.0,4.94,11.68,0.15
Roberto Canella Suárez,Left Back,1098,294.0,405.0,0.0,0.0,32.0,172.0,7.0,24.1,33.2,0.0,0.0,2.62,14.1,0.57
Roberto Carlos Abbondanzieri,Goalkeeper,182,29.0,51.0,0.0,0.0,12.0,0.0,1.0,14.34,25.22,0.0,0.0,5.93,0.0,0.49
Roberto Carlos da Silva,Left Back,174,61.0,81.0,1.0,0.0077349707,8.0,41.0,1.0,31.55,41.9,0.52,0.0,4.14,21.21,0.52
Roberto Fabián Ayala,Left Center Back,273,60.0,75.0,0.0,0.0,8.0,39.0,0.0,19.78,24.73,0.0,0.0,2.64,12.86,0.0
Roberto Fernández Alvarellos,Goalkeeper,277,57.0,109.0,0.0,0.0,18.0,0.0,0.0,18.52,35.42,0.0,0.0,5.85,0.0,0.0
Roberto Jiménez Gago,Goalkeeper,636,94.0,195.0,0.0,0.0,39.0,1.0,0.0,13.3,27.59,0.0,0.0,5.52,0.14,0.0
Roberto José Rosales Altuve,Right Back,3655,1395.0,1947.0,21.0,0.549641546,225.0,541.0,35.0,34.35,47.94,0.52,0.01,5.54,13.32,0.86
Roberto Lago Soto,Left Back,1651,608.0,775.0,5.0,0.11150573200000001,52.0,234.0,15.0,33.14,42.25,0.27,0.01,2.83,12.76,0.82
Roberto Luis Gaspar de Deus Severo,Left Center Back,274,61.0,80.0,4.0,0.25728705900000004,11.0,19.0,0.0,20.04,26.28,1.31,0.08,3.61,6.24,0.0
Roberto López Esquiroz,Right Center Midfield,183,6.0,8.0,0.0,0.0,3.0,14.0,0.0,2.95,3.93,0.0,0.0,1.48,6.89,0.0
Roberto Román Triguero,Right Back,3139,1209.0,1567.0,13.0,0.6926184995,116.0,453.0,17.0,34.66,44.93,0.37,0.02,3.33,12.99,0.49
Roberto Soldado Rillo,Left Center Forward,3416,719.0,1065.0,65.0,8.3469964152,101.0,572.0,35.0,18.94,28.06,1.71,0.22,2.66,15.07,0.92
Roberto Soriano,Left Midfield,216,52.0,64.0,6.0,0.44278508,10.0,62.0,3.0,21.67,26.67,2.5,0.18,4.17,25.83,1.25
Roberto Suárez Pier,Left Center Back,542,138.0,163.0,2.0,0.38474885000000003,19.0,48.0,1.0,22.92,27.07,0.33,0.06,3.15,7.97,0.17
Roberto Torres Morales,Left Defensive Midfield,605,105.0,160.0,9.0,0.8046636886,33.0,102.0,2.0,15.62,23.8,1.34,0.12,4.91,15.17,0.3
Roberto Trashorras Gayoso,Right Defensive Midfield,3761,2494.0,3053.0,44.0,4.3764892663,252.0,590.0,40.0,59.68,73.06,1.05,0.1,6.03,14.12,0.96
Robin Aime Robert Le Normand,Left Center Back,268,124.0,149.0,0.0,0.0,7.0,41.0,1.0,41.64,50.04,0.0,0.0,2.35,13.77,0.34
Rodolfo Bodipo Díaz,Left Center Forward,256,27.0,39.0,1.0,0.2920523,4.0,23.0,1.0,9.49,13.71,0.35,0.1,1.41,8.09,0.35
Rodolfo Martín Arruabarrena,Left Back,157,16.0,22.0,0.0,0.0,2.0,16.0,0.0,9.17,12.61,0.0,0.0,1.15,9.17,0.0
Rodrigo Andrés Battaglia,Right Center Midfield,182,49.0,57.0,1.0,0.0634542,13.0,64.0,0.0,24.23,28.19,0.49,0.03,6.43,31.65,0.0
Rodrigo Ely,Left Center Back,253,54.0,65.0,1.0,0.059528023,8.0,24.0,1.0,19.21,23.12,0.36,0.02,2.85,8.54,0.36
Rodrigo Hernández Cascante,Left Defensive Midfield,794,351.0,386.0,8.0,0.670008977,38.0,186.0,2.0,39.79,43.75,0.91,0.08,4.31,21.08,0.23
Rodrigo Javier De Paul,Left Wing,835,196.0,283.0,10.0,0.522683042,36.0,148.0,16.0,21.13,30.5,1.08,0.06,3.88,15.95,1.72
Rodrigo Moreno Machado,Right Wing,2745,500.0,695.0,53.0,6.9951754144,77.0,376.0,29.0,16.39,22.79,1.74,0.23,2.52,12.33,0.95
Rodrigo Ríos Lozano,Center Forward,153,23.0,34.0,2.0,0.064090618,6.0,42.0,3.0,13.53,20.0,1.18,0.04,3.53,24.71,1.76
Rodrigo Sánchez Rodriguez,Right Wing,185,19.0,20.0,0.0,0.0,5.0,6.0,1.0,9.24,9.73,0.0,0.0,2.43,2.92,0.49
Rodrigo Tarín Higón,Right Center Back,365,43.0,65.0,0.0,0.0,2.0,24.0,0.0,10.6,16.03,0.0,0.0,0.49,5.92,0.0
Rodrygo Silva de Goes,Right Wing,188,13.0,15.0,0.0,0.0,4.0,12.0,0.0,6.22,7.18,0.0,0.0,1.91,5.74,0.0
Roger Claver Assalé Djapone,Left Center Forward,92,13.0,13.0,1.0,0.032970574,2.0,10.0,1.0,12.72,12.72,0.98,0.03,1.96,9.78,0.98
Roger García Junyent,Left Back,93,18.0,21.0,1.0,0.02405268,3.0,5.0,0.0,17.42,20.32,0.97,0.02,2.9,4.84,0.0
Roger Martí Salvador,Left Center Forward,1636,124.0,196.0,23.0,2.339730184,33.0,223.0,11.0,6.82,10.78,1.27,0.13,1.82,12.27,0.61
Roland Conde Lamah,Left Wing,182,31.0,55.0,4.0,0.26433529,8.0,31.0,1.0,15.33,27.2,1.98,0.13,3.96,15.33,0.49
Román Fernando Martínez,Right Center Midfield,255,39.0,61.0,1.0,0.25572038,16.0,84.0,1.0,13.76,21.53,0.35,0.09,5.65,29.65,0.35
Ronald Federico Araújo da Silva,Right Center Back,2281,915.0,983.0,11.0,2.025801248,48.0,151.0,4.0,36.1,38.79,0.43,0.08,1.89,5.96,0.16
Ronald Louis Gaspercic,Goalkeeper,92,15.0,24.0,0.0,0.0,7.0,0.0,0.0,14.67,23.48,0.0,0.0,6.85,0.0,0.0
Ronaldo Luíz Nazário de Lima,Center Forward,90,12.0,15.0,1.0,0.029853897,1.0,6.0,1.0,12.0,15.0,1.0,0.03,1.0,6.0,1.0
Ronaldo de Assis Moreira,Left Wing,5147,2144.0,2861.0,220.0,26.457376333,215.0,360.0,220.0,37.49,50.03,3.85,0.46,3.76,6.29,3.85
Roque Luis Santa Cruz Cantero,Left Center Forward,1817,196.0,251.0,7.0,0.954498574,15.0,94.0,7.0,9.71,12.43,0.35,0.05,0.74,4.66,0.35
Roque Mesa Quevedo,Right Defensive Midfield,3538,1992.0,2289.0,41.0,2.2419959256,278.0,632.0,47.0,50.67,58.23,1.04,0.06,7.07,16.08,1.2
Rosinei Adolfo,Right Center Forward,92,15.0,17.0,2.0,0.031917526,5.0,12.0,1.0,14.67,16.63,1.96,0.03,4.89,11.74,0.98
Royston Ricky Drenthe,Left Midfield,153,22.0,33.0,1.0,0.22765219,8.0,30.0,2.0,12.94,19.41,0.59,0.13,4.71,17.65,1.18
Rubén Alcaraz Jiménez,Left Center Midfield,326,140.0,170.0,6.0,0.167875333,19.0,104.0,0.0,38.65,46.93,1.66,0.05,5.25,28.71,0.0
Rubén Baraja Vegas,Right Center Midfield,363,91.0,113.0,0.0,0.0,10.0,65.0,1.0,22.56,28.02,0.0,0.0,2.48,16.12,0.25
Rubén Blanco Veiga,Goalkeeper,1052,219.0,359.0,0.0,0.0,49.0,3.0,0.0,18.74,30.71,0.0,0.0,4.19,0.26,0.0
Rubén Castro Martín,Left Center Forward,4201,877.0,1201.0,122.0,19.4536295096,134.0,301.0,28.0,18.79,25.73,2.61,0.42,2.87,6.45,0.6
Rubén Duarte Sánchez,Left Back,2565,774.0,1082.0,13.0,0.562889054,94.0,416.0,5.0,27.16,37.96,0.46,0.02,3.3,14.6,0.18
Rubén García Santos,Left Midfield,2310,386.0,575.0,19.0,1.0477729955,73.0,335.0,29.0,15.04,22.4,0.74,0.04,2.84,13.05,1.13
Rubén González Rocha,Right Center Back,540,65.0,110.0,2.0,0.094587784,18.0,51.0,0.0,10.83,18.33,0.33,0.02,3.0,8.5,0.0
Rubén Gracia Calmache,Left Wing,2318,593.0,827.0,17.0,1.070190578,105.0,411.0,32.0,23.02,32.11,0.66,0.04,4.08,15.96,1.24
Rubén Iván Martínez Andrade,Goalkeeper,2090,397.0,667.0,0.0,0.0,115.0,7.0,0.0,17.1,28.72,0.0,0.0,4.95,0.3,0.0
Rubén Martín Pulido,Right Back,273,89.0,122.0,0.0,0.0,9.0,53.0,3.0,29.34,40.22,0.0,0.0,2.97,17.47,0.99
Rubén Navarro Méndez,Left Midfield,91,4.0,8.0,0.0,0.0,1.0,3.0,0.0,3.96,7.91,0.0,0.0,0.99,2.97,0.0
Rubén Pardo Gutiérrez,Left Defensive Midfield,3179,1082.0,1421.0,40.0,1.9967789113,155.0,472.0,12.0,30.63,40.23,1.13,0.06,4.39,13.36,0.34
Rubén Peña Jiménez,Right Back,609,167.0,223.0,3.0,0.5621972550000001,26.0,87.0,4.0,24.68,32.96,0.44,0.08,3.84,12.86,0.59
Rubén Pérez Chueca,Goalkeeper,91,16.0,31.0,0.0,0.0,3.0,0.0,0.0,15.82,30.66,0.0,0.0,2.97,0.0,0.0
Rubén Rochina Naixes,Center Attacking Midfield,3348,1026.0,1523.0,89.0,4.1373331468,227.0,592.0,78.0,27.58,40.94,2.39,0.11,6.1,15.91,2.1
Rubén Salvador Pérez Del Mármol,Right Defensive Midfield,3471,1310.0,1757.0,27.0,0.9437042281999999,228.0,905.0,31.0,33.97,45.56,0.7,0.02,5.91,23.47,0.8
Rubén Sobrino Pozuelo,Center Forward,511,70.0,90.0,7.0,0.784288415,25.0,123.0,5.0,12.33,15.85,1.23,0.14,4.4,21.66,0.88
Rubén Suárez Estrada,Right Back,182,15.0,18.0,1.0,0.022218434,5.0,2.0,0.0,7.42,8.9,0.49,0.01,2.47,0.99,0.0
Rubén de la Red Gutiérrez,Center Defensive Midfield,182,33.0,45.0,0.0,0.0,14.0,18.0,1.0,16.32,22.25,0.0,0.0,6.92,8.9,0.49
Rui Pedro da Rocha Fonte,Center Attacking Midfield,92,8.0,8.0,0.0,0.0,0.0,9.0,0.0,7.83,7.83,0.0,0.0,0.0,8.8,0.0
Rui Tiago Dantas da Silva,Goalkeeper,269,45.0,90.0,0.0,0.0,16.0,1.0,0.0,15.06,30.11,0.0,0.0,5.35,0.33,0.0
Ruud van Nistelrooy,Center Forward,408,57.0,73.0,17.0,3.578342058,10.0,35.0,3.0,12.57,16.1,3.75,0.79,2.21,7.72,0.66
Ryad Boudebouz,Right Center Back,90,7.0,9.0,1.0,0.02208615,1.0,6.0,0.0,7.0,9.0,1.0,0.02,1.0,6.0,0.0
Ryan Donk,Center Defensive Midfield,91,5.0,7.0,0.0,0.0,2.0,8.0,0.0,4.95,6.92,0.0,0.0,1.98,7.91,0.0
Ryan Guno Babel,Right Center Forward,90,7.0,10.0,0.0,0.0,3.0,15.0,1.0,7.0,10.0,0.0,0.0,3.0,15.0,1.0
Róbert Mazáň,Left Back,92,45.0,55.0,1.0,0.024734685,1.0,12.0,0.0,44.02,53.8,0.98,0.02,0.98,11.74,0.0
Róbson de Souza,Left Wing,361,81.0,95.0,5.0,0.301512968,13.0,56.0,6.0,20.19,23.68,1.25,0.08,3.24,13.96,1.5
Rúben Afonso Borges Semedo,Center Midfield,135,18.0,22.0,0.0,0.0,2.0,18.0,0.0,12.0,14.67,0.0,0.0,1.33,12.0,0.0
Rúben Micael Freitas da Ressurreição,Right Defensive Midfield,172,38.0,48.0,1.0,0.0449854,10.0,38.0,0.0,19.88,25.12,0.52,0.02,5.23,19.88,0.0
Rúben Miguel Nunes Vezo,Left Center Back,2091,571.0,754.0,4.0,0.1610522566,73.0,222.0,5.0,24.58,32.45,0.17,0.01,3.14,9.56,0.22
Răzvan Dincă Raț,Left Back,911,403.0,572.0,8.0,0.1938224838,29.0,70.0,5.0,39.81,56.51,0.79,0.02,2.86,6.92,0.49
Sabin Merino Zuloaga,Left Wing,1912,222.0,339.0,29.0,4.028968666,51.0,210.0,16.0,10.45,15.96,1.37,0.19,2.4,9.88,0.75
Sabit Abdulai,Right Center Midfield,91,7.0,10.0,0.0,0.0,3.0,13.0,1.0,6.92,9.89,0.0,0.0,2.97,12.86,0.99
Salvador Ballesta Vialcho,Center Forward,237,34.0,55.0,5.0,0.309619323,10.0,36.0,1.0,12.91,20.89,1.9,0.12,3.8,13.67,0.38
Salvador Ruiz Rodríguez,Left Back,146,35.0,41.0,0.0,0.0,5.0,8.0,0.0,21.58,25.27,0.0,0.0,3.08,4.93,0.0
Salvador Sevilla López,Center Attacking Midfield,1786,501.0,602.0,12.0,1.788730592,44.0,214.0,5.0,25.25,30.34,0.6,0.09,2.22,10.78,0.25
Salvatore Sirigu,Goalkeeper,90,7.0,24.0,0.0,0.0,6.0,0.0,0.0,7.0,24.0,0.0,0.0,6.0,0.0,0.0
Sami Khedira,Right Center Midfield,713,121.0,162.0,7.0,1.369073422,20.0,178.0,4.0,15.27,20.45,0.88,0.17,2.52,22.47,0.5
Samir Nasri,Left Center Midfield,122,71.0,77.0,1.0,0.07514225,9.0,31.0,3.0,52.38,56.8,0.74,0.06,6.64,22.87,2.21
Samuel Castillejo Azuaga,Left Midfield,2837,526.0,788.0,29.0,1.6266234515,133.0,597.0,40.0,16.69,25.0,0.92,0.05,4.22,18.94,1.27
Samuel Chimerenka Chukwueze,Right Midfield,525,115.0,165.0,15.0,1.984025422,27.0,71.0,19.0,19.71,28.29,2.57,0.34,4.63,12.17,3.26
Samuel Eto''o Fils,Center Forward,6643,1713.0,2261.0,303.0,50.6765807163,291.0,896.0,185.0,23.21,30.63,4.11,0.69,3.94,12.14,2.51
Samuel García Sánchez,Right Midfield,1569,270.0,402.0,10.0,1.251570528,43.0,226.0,15.0,15.49,23.06,0.57,0.07,2.47,12.96,0.86
Samuel Sáiz Alonso,Right Midfield,185,13.0,19.0,1.0,0.07033292,3.0,11.0,2.0,6.32,9.24,0.49,0.03,1.46,5.35,0.97
Samuel Yves Umtiti,Left Center Back,7601,4886.0,5255.0,17.0,1.866841961,335.0,594.0,18.0,57.85,62.22,0.2,0.02,3.97,7.03,0.21
Samuele Longo,Right Center Forward,148,11.0,16.0,1.0,0.1526698,0.0,23.0,1.0,6.69,9.73,0.61,0.09,0.0,13.99,0.61
Sandro Ramírez Castillo,Right Wing,1709,154.0,197.0,22.0,3.976028961,26.0,120.0,7.0,8.11,10.37,1.16,0.21,1.37,6.32,0.37
Sanjin Prcić,Right Defensive Midfield,91,7.0,8.0,4.0,0.159688016,4.0,6.0,2.0,6.92,7.91,3.96,0.16,3.96,5.93,1.98
Santiago Arias Naranjo,Right Back,218,64.0,81.0,1.0,0.050040502,7.0,14.0,1.0,26.42,33.44,0.41,0.02,2.89,5.78,0.41
Santiago Carpintero Fernández,Right Center Midfield,93,26.0,34.0,0.0,0.0,2.0,32.0,2.0,25.16,32.9,0.0,0.0,1.94,30.97,1.94
Santiago Cazorla González,Left Center Midfield,916,337.0,439.0,12.0,0.919412821,55.0,231.0,17.0,33.11,43.13,1.18,0.09,5.4,22.7,1.67
Santiago Comesaña Veiga,Left Defensive Midfield,90,37.0,42.0,0.0,0.0,5.0,55.0,1.0,37.0,42.0,0.0,0.0,5.0,55.0,1.0
Santiago Cáseres,Center Defensive Midfield,184,57.0,62.0,1.0,0.0425918,3.0,39.0,0.0,27.88,30.33,0.49,0.02,1.47,19.08,0.0
Santiago Ezquerro Marín,Left Wing,439,51.0,68.0,1.0,0.119576156,8.0,18.0,0.0,10.46,13.94,0.21,0.02,1.64,3.69,0.0
Santiago Mina Lorenzo,Right Wing,2973,487.0,666.0,31.0,3.895839884,71.0,552.0,19.0,14.74,20.16,0.94,0.12,2.15,16.71,0.58
Santiago Vergini,Right Center Back,2345,770.0,927.0,8.0,0.826662749,121.0,198.0,10.0,29.55,35.58,0.31,0.03,4.64,7.6,0.38
Santiago Wilmer Acasiete Ariadela,Left Center Back,443,100.0,124.0,1.0,0.06754636,15.0,54.0,1.0,20.32,25.19,0.2,0.01,3.05,10.97,0.2
Saïd Boutahar,Left Midfield,91,7.0,9.0,0.0,0.0,3.0,2.0,2.0,6.92,8.9,0.0,0.0,2.97,1.98,1.98
Saúl Berjón Pérez,Left Wing,2544,418.0,741.0,39.0,5.9593804495,92.0,249.0,18.0,14.79,26.21,1.38,0.21,3.25,8.81,0.64
Saúl Fernández García,Right Wing,141,15.0,21.0,1.0,0.034520876,5.0,31.0,2.0,9.57,13.4,0.64,0.02,3.19,19.79,1.28
Saúl Ñíguez Esclapez,Right Midfield,3886,1243.0,1590.0,63.0,5.2395370381,202.0,944.0,36.0,28.79,36.82,1.46,0.12,4.68,21.86,0.83
Saša Lukić,Center Defensive Midfield,91,28.0,31.0,0.0,0.0,8.0,21.0,0.0,27.69,30.66,0.0,0.0,7.91,20.77,0.0
Sebastien Chabaud,Left Center Midfield,90,27.0,33.0,0.0,0.0,4.0,22.0,1.0,27.0,33.0,0.0,0.0,4.0,22.0,1.0
Sebastián Bruno Fernández Miglierina,Center Forward,183,8.0,13.0,1.0,0.13337144,0.0,28.0,1.0,3.93,6.39,0.49,0.07,0.0,13.77,0.49
Sebastián Carlos Cristóforo Pepe,Left Defensive Midfield,1829,723.0,842.0,3.0,0.11124117800000001,97.0,455.0,15.0,35.58,41.43,0.15,0.01,4.77,22.39,0.74
Sebastián Dubarbier,Left Back,276,39.0,60.0,1.0,0.0061776573,16.0,49.0,1.0,12.72,19.57,0.33,0.0,5.22,15.98,0.33
Sebastián Eguren Ledesma,Left Center Midfield,186,55.0,80.0,0.0,0.0,9.0,72.0,0.0,26.61,38.71,0.0,0.0,4.35,34.84,0.0
Sebastián Taborda Ramos,Center Forward,93,6.0,12.0,1.0,0.057901584,0.0,6.0,0.0,5.81,11.61,0.97,0.06,0.0,5.81,0.0
Sendoa Aguirre Basterretxea,Left Wing,93,3.0,7.0,2.0,0.26192432400000004,3.0,6.0,0.0,2.9,6.77,1.94,0.25,2.9,5.81,0.0
Serdar Gürler,Left Midfield,90,8.0,9.0,0.0,0.0,1.0,7.0,0.0,8.0,9.0,0.0,0.0,1.0,7.0,0.0
Sergi Darder Moll,Right Center Midfield,785,158.0,208.0,13.0,0.3342188825,38.0,185.0,7.0,18.11,23.85,1.49,0.04,4.36,21.21,0.8
Sergi Gómez Solà,Left Center Back,3281,1451.0,1702.0,3.0,0.17685477700000002,139.0,418.0,4.0,39.8,46.69,0.08,0.0,3.81,11.47,0.11
Sergi Roberto Carnicer,Right Back,15687,8778.0,9737.0,63.0,5.04914793,543.0,1614.0,148.0,50.36,55.86,0.36,0.03,3.12,9.26,0.85
Sergi Samper Montaña,Center Defensive Midfield,181,28.0,32.0,0.0,0.0,3.0,19.0,0.0,13.92,15.91,0.0,0.0,1.49,9.45,0.0
Sergino Dest,Right Back,2304,1089.0,1211.0,14.0,1.767021703,76.0,280.0,32.0,42.54,47.3,0.55,0.07,2.97,10.94,1.25
Sergio Aragoneses Almeida,Goalkeeper,182,21.0,51.0,0.0,0.0,6.0,1.0,0.0,10.38,25.22,0.0,0.0,2.97,0.49,0.0
Sergio Asenjo Andrés,Goalkeeper,1729,331.0,534.0,0.0,0.0,74.0,5.0,0.0,17.23,27.8,0.0,0.0,3.85,0.26,0.0
Sergio Boris González Monteagudo,Left Center Back,182,12.0,18.0,0.0,0.0,1.0,6.0,0.0,5.93,8.9,0.0,0.0,0.49,2.97,0.0
Sergio Busquets i Burgos,Center Defensive Midfield,33094,24735.0,27209.0,79.0,6.2678923406,1529.0,6073.0,315.0,67.27,74.0,0.21,0.02,4.16,16.52,0.86
Sergio Canales Madrazo,Center Attacking Midfield,2651,767.0,995.0,40.0,2.7972550554,95.0,358.0,9.0,26.04,33.78,1.36,0.09,3.23,12.15,0.31
Sergio Enrich Ametller,Center Forward,3863,694.0,1007.0,59.0,9.094639439,115.0,744.0,23.0,16.17,23.46,1.37,0.21,2.68,17.33,0.54
Sergio Escudero Palomo,Left Back,2058,726.0,982.0,18.0,1.1722009735,79.0,330.0,18.0,31.75,42.94,0.79,0.05,3.45,14.43,0.79
Sergio Ezequiel Araújo,Center Forward,2587,380.0,524.0,61.0,6.911008203,79.0,280.0,26.0,13.22,18.23,2.12,0.24,2.75,9.74,0.9
Sergio Fernández González,Right Center Back,490,82.0,126.0,0.0,0.0,28.0,38.0,2.0,15.06,23.14,0.0,0.0,5.14,6.98,0.37
Sergio García De La Fuente,Center Forward,1360,194.0,276.0,18.0,1.181413887,40.0,216.0,24.0,12.84,18.26,1.19,0.08,2.65,14.29,1.59
Sergio Gontán Gallardo,Right Midfield,2847,637.0,977.0,39.0,3.2129139315,187.0,748.0,41.0,20.14,30.89,1.23,0.1,5.91,23.65,1.3
Sergio González Soriano,Left Defensive Midfield,510,123.0,157.0,4.0,0.050277619600000004,22.0,98.0,1.0,21.71,27.71,0.71,0.01,3.88,17.29,0.18
Sergio Guardiola Navarro,Right Center Forward,413,68.0,100.0,8.0,0.323757194,12.0,97.0,10.0,14.82,21.79,1.74,0.07,2.62,21.14,2.18
Sergio Gómez Martín,Right Wing,163,31.0,42.0,0.0,0.0,5.0,30.0,2.0,17.12,23.19,0.0,0.0,2.76,16.56,1.1
Sergio Herrera Pirón,Goalkeeper,276,61.0,98.0,0.0,0.0,18.0,1.0,0.0,19.89,31.96,0.0,0.0,5.87,0.33,0.0
Sergio Leonel Agüero del Castillo,Right Center Forward,695,126.0,165.0,22.0,3.005545609,27.0,88.0,37.0,16.32,21.37,2.85,0.39,3.5,11.4,4.79
Sergio León Limones,Center Forward,602,40.0,54.0,7.0,0.293438816,14.0,75.0,5.0,5.98,8.07,1.05,0.04,2.09,11.21,0.75
Sergio Martínez Ballesteros,Right Center Back,449,53.0,80.0,0.0,0.0,14.0,47.0,3.0,10.62,16.04,0.0,0.0,2.81,9.42,0.6
Sergio Matabuena Delgado,Left Defensive Midfield,227,35.0,44.0,0.0,0.0,7.0,48.0,0.0,13.88,17.44,0.0,0.0,2.78,19.03,0.0
Sergio Mendigutxia Iglesias,Right Wing,92,5.0,8.0,1.0,0.045000456,0.0,4.0,0.0,4.89,7.83,0.98,0.04,0.0,3.91,0.0
Sergio Mora Sánchez,Right Defensive Midfield,91,11.0,12.0,0.0,0.0,2.0,0.0,1.0,10.88,11.87,0.0,0.0,1.98,0.0,0.99
Sergio Ortega González,Right Center Back,90,10.0,17.0,0.0,0.0,4.0,5.0,0.0,10.0,17.0,0.0,0.0,4.0,5.0,0.0
Sergio Pelegrín López,Left Center Back,264,39.0,49.0,1.0,0.013369449,2.0,23.0,0.0,13.3,16.7,0.34,0.0,0.68,7.84,0.0
Sergio Postigo Redondo,Right Center Back,434,129.0,154.0,0.0,0.0,9.0,58.0,0.0,26.75,31.94,0.0,0.0,1.87,12.03,0.0
Sergio Ramos García,Left Center Back,4233,1956.0,2268.0,39.0,4.1126226447,197.0,565.0,12.0,41.59,48.22,0.83,0.09,4.19,12.01,0.26
Sergio Reguilón Rodríguez,Left Back,277,137.0,170.0,3.0,0.393050631,18.0,50.0,7.0,44.51,55.23,0.97,0.13,5.85,16.25,2.27
Sergio Rico González,Goalkeeper,3436,750.0,1140.0,0.0,0.0,174.0,4.0,0.0,19.64,29.86,0.0,0.0,4.56,0.1,0.0
Sergio Rodríguez García,Left Center Back,277,56.0,72.0,1.0,0.034912612,9.0,25.0,2.0,18.19,23.39,0.32,0.01,2.92,8.12,0.65
Sergio Sánchez Ortega,Right Back,637,177.0,231.0,1.0,0.058990408,12.0,75.0,1.0,25.01,32.64,0.14,0.01,1.7,10.6,0.14
Sergio Tejera Rodríguez,Center Attacking Midfield,90,9.0,13.0,0.0,0.0,2.0,12.0,1.0,9.0,13.0,0.0,0.0,2.0,12.0,1.0
Sergio Álvarez Conde,Goalkeeper,3173,653.0,1140.0,0.0,0.0,161.0,4.0,0.0,18.52,32.34,0.0,0.0,4.57,0.11,0.0
Sergio Álvarez Díaz,Right Defensive Midfield,2534,899.0,1184.0,7.0,0.717998313,147.0,685.0,25.0,31.93,42.05,0.25,0.03,5.22,24.33,0.89
Seung-Ho Paik,Left Center Midfield,90,2.0,3.0,1.0,0.038298387,1.0,0.0,0.0,2.0,3.0,1.0,0.04,1.0,0.0,0.0
Seydou Kéita,Left Center Midfield,9260,3619.0,4053.0,84.0,10.0194253441,268.0,884.0,64.0,35.17,39.39,0.82,0.1,2.6,8.59,0.62
Shaquell Moore,Right Back,91,20.0,31.0,1.0,0.33715823,1.0,11.0,0.0,19.78,30.66,0.99,0.33,0.99,10.88,0.0
Shkodran Mustafi,Right Center Back,2902,1239.0,1532.0,24.0,1.986936125,147.0,387.0,7.0,38.43,47.51,0.74,0.06,4.56,12.0,0.22
Sidi Yaya Keita,Left Defensive Midfield,153,30.0,36.0,0.0,0.0,9.0,36.0,1.0,17.65,21.18,0.0,0.0,5.29,21.18,0.59
Sidnei Rechel da Silva Júnior,Left Center Back,3543,1153.0,1475.0,7.0,0.727812812,197.0,299.0,21.0,29.29,37.47,0.18,0.02,5.0,7.6,0.53
Silvestre Manuel Gonçalves Varela,Left Midfield,93,6.0,8.0,0.0,0.0,1.0,3.0,0.0,5.81,7.74,0.0,0.0,0.97,2.9,0.0
Simon Thorup Kjær,Right Center Back,307,82.0,96.0,2.0,0.20826801,8.0,38.0,0.0,24.04,28.14,0.59,0.06,2.35,11.14,0.0
Simone Verdi,Center Attacking Midfield,747,66.0,84.0,6.0,0.2076511806,16.0,92.0,5.0,7.95,10.12,0.72,0.03,1.93,11.08,0.6
Simone Zaza,Right Center Forward,275,13.0,20.0,5.0,0.45476201400000005,1.0,42.0,0.0,4.25,6.55,1.64,0.15,0.33,13.75,0.0
Simão Mate,Center Defensive Midfield,2785,814.0,1084.0,13.0,0.783076223,145.0,396.0,13.0,26.31,35.03,0.42,0.03,4.69,12.8,0.42
Simão Pedro Fonseca Sabrosa,Left Midfield,663,220.0,296.0,8.0,0.409215876,31.0,128.0,16.0,29.86,40.18,1.09,0.06,4.21,17.38,2.17
Sisinio González Martínez,Left Midfield,319,75.0,112.0,5.0,0.177402913,33.0,83.0,6.0,21.16,31.6,1.41,0.05,9.31,23.42,1.69
Sofian Chakla,Left Center Back,91,11.0,19.0,1.0,0.094237916,3.0,8.0,0.0,10.88,18.79,0.99,0.09,2.97,7.91,0.0
Sofiane Feghouli,Right Wing,2431,464.0,728.0,33.0,3.170930072,101.0,275.0,25.0,17.18,26.95,1.22,0.12,3.74,10.18,0.93
Stanislav Lobotka,Center Defensive Midfield,352,162.0,178.0,0.0,0.0,17.0,75.0,0.0,41.42,45.51,0.0,0.0,4.35,19.18,0.0
Stefan Babović,Center Attacking Midfield,91,7.0,9.0,0.0,0.0,1.0,6.0,0.0,6.92,8.9,0.0,0.0,0.99,5.93,0.0
Stefan Mitrović,Left Center Back,92,10.0,17.0,0.0,0.0,3.0,4.0,0.0,9.78,16.63,0.0,0.0,2.93,3.91,0.0
Stefan Savić,Right Center Back,1644,443.0,555.0,2.0,0.432464496,38.0,122.0,1.0,24.25,30.38,0.11,0.02,2.08,6.68,0.05
Stefan Šćepović,Center Forward,2987,341.0,492.0,30.0,5.3156517149999996,32.0,205.0,7.0,10.27,14.82,0.9,0.16,0.96,6.18,0.21
Stefano Sorrentino,Goalkeeper,180,18.0,48.0,0.0,0.0,10.0,0.0,0.0,9.0,24.0,0.0,0.0,5.0,0.0,0.0
Steven N''Kemboanza Mike Christopher Nzonzi,Right Defensive Midfield,2647,1038.0,1271.0,21.0,2.287793363,106.0,391.0,14.0,35.29,43.21,0.71,0.08,3.6,13.29,0.48
Stipe Pletikosa,Goalkeeper,177,31.0,61.0,0.0,0.0,8.0,0.0,0.0,15.76,31.02,0.0,0.0,4.07,0.0,0.0
Stiven Ricardo Plaza Castillo,Right Center Forward,93,2.0,2.0,0.0,0.0,0.0,4.0,0.0,1.94,1.94,0.0,0.0,0.0,3.87,0.0
Stole Dimitrievski,Goalkeeper,90,16.0,25.0,0.0,0.0,6.0,0.0,0.0,16.0,25.0,0.0,0.0,6.0,0.0,0.0
Stéphane Jean François Pignol,Right Center Back,90,25.0,28.0,0.0,0.0,3.0,19.0,0.0,25.0,28.0,0.0,0.0,3.0,19.0,0.0
Stéphane M''Bia Etoundi,Right Defensive Midfield,149,24.0,26.0,0.0,0.0,3.0,13.0,0.0,14.5,15.7,0.0,0.0,1.81,7.85,0.0
Sulley Ali Muntari,Center Defensive Midfield,91,7.0,7.0,0.0,0.0,1.0,3.0,0.0,6.92,6.92,0.0,0.0,0.99,2.97,0.0
Sylvain N''Diayé,Center Defensive Midfield,92,6.0,7.0,0.0,0.0,4.0,3.0,2.0,5.87,6.85,0.0,0.0,3.91,2.93,1.96
Sylvio Mendes Campos Junior,Left Back,3627,1811.0,2151.0,21.0,0.9161717586,170.0,355.0,41.0,44.94,53.37,0.52,0.02,4.22,8.81,1.02
Sávio Bortolini Pimentel,Left Wing,347,63.0,90.0,7.0,0.306584448,16.0,35.0,6.0,16.34,23.34,1.82,0.08,4.15,9.08,1.56
Sébastien Corchia,Right Back,93,40.0,53.0,0.0,0.0,1.0,18.0,1.0,38.71,51.29,0.0,0.0,0.97,17.42,0.97
Sébastien Squillaci,Right Center Back,161,34.0,44.0,0.0,0.0,5.0,14.0,0.0,19.01,24.6,0.0,0.0,2.8,7.83,0.0
Sérgio Paulo Barbosa Valente,Right Midfield,3242,610.0,1014.0,33.0,2.5271095114,124.0,363.0,37.0,16.93,28.15,0.92,0.07,3.44,10.08,1.03
Sérgio da Silva Pinto,Left Defensive Midfield,138,10.0,18.0,1.0,0.00939551,0.0,12.0,0.0,6.52,11.74,0.65,0.01,0.0,7.83,0.0
Sílvio Manuel Azevedo Ferreira Sá Pereira,Left Back,183,28.0,32.0,0.0,0.0,3.0,20.0,0.0,13.77,15.74,0.0,0.0,1.48,9.84,0.0
Takashi Inui,Left Wing,2834,484.0,701.0,51.0,3.5327305855,88.0,451.0,31.0,15.37,22.26,1.62,0.11,2.79,14.32,0.98
Takefusa Kubo,Right Midfield,366,73.0,107.0,8.0,0.43050296899999996,19.0,89.0,6.0,17.95,26.31,1.97,0.11,4.67,21.89,1.48
Theo Bernard François Hernández,Left Back,269,71.0,98.0,3.0,0.541483814,11.0,33.0,3.0,23.75,32.79,1.0,0.18,3.68,11.04,1.0
Thiago Alcântara do Nascimento,Left Center Midfield,4913,3488.0,3815.0,45.0,5.703668125,253.0,567.0,112.0,63.9,69.89,0.82,0.1,4.63,10.39,2.05
Thiago Motta,Center Defensive Midfield,1421,433.0,478.0,12.0,0.798176688,46.0,115.0,13.0,27.42,30.27,0.76,0.05,2.91,7.28,0.82
Thibaut Courtois,Goalkeeper,993,175.0,260.0,0.0,0.0,52.0,1.0,0.0,15.86,23.56,0.0,0.0,4.71,0.09,0.0
Thierry Henry,Left Wing,5201,1184.0,1613.0,163.0,23.8719347415,160.0,415.0,85.0,20.49,27.91,2.82,0.41,2.77,7.18,1.47
Thierry Rendall Correia,Right Wing Back,92,24.0,37.0,1.0,0.0907733,3.0,18.0,0.0,23.48,36.2,0.98,0.09,2.93,17.61,0.0
Thievy Guivane Bifouma Koulossa,Right Wing,969,120.0,166.0,9.0,0.913167167,28.0,116.0,13.0,11.15,15.42,0.84,0.08,2.6,10.77,1.21
Thomas Lemar,Left Midfield,354,33.0,44.0,2.0,0.06434155,10.0,54.0,3.0,8.39,11.19,0.51,0.02,2.54,13.73,0.76
Thomas Teye Partey,Right Defensive Midfield,1853,373.0,461.0,13.0,2.1160220963,65.0,292.0,23.0,18.12,22.39,0.63,0.1,3.16,14.18,1.12
Thomas Vermaelen,Left Center Back,2560,1251.0,1347.0,9.0,0.8736103767000001,70.0,158.0,2.0,43.98,47.36,0.32,0.03,2.46,5.55,0.07
Théo Bongonda Mbul''Ofeko Batombo,Left Wing,1853,246.0,342.0,19.0,2.333516878,59.0,148.0,21.0,11.95,16.61,0.92,0.11,2.87,7.19,1.02
Tiago Cardoso Mendes,Left Defensive Midfield,2102,945.0,1123.0,12.0,0.58877939,104.0,415.0,6.0,40.46,48.08,0.51,0.03,4.45,17.77,0.26
Tiago Manuel Dias Correia,Left Wing,2792,553.0,893.0,82.0,2.5516080796,149.0,353.0,63.0,17.83,28.79,2.64,0.08,4.8,11.38,2.03
Timothée Kolodziejczak,Left Center Back,2557,1033.0,1262.0,7.0,0.965119266,98.0,198.0,5.0,36.36,44.42,0.25,0.03,3.45,6.97,0.18
Tobias Grahn,Left Wing,91,11.0,11.0,2.0,0.142774018,1.0,6.0,0.0,10.88,10.88,1.98,0.14,0.99,5.93,0.0
Tomas Franco Tavares,Right Midfield,92,2.0,3.0,0.0,0.0,0.0,11.0,0.0,1.96,2.93,0.0,0.0,0.0,10.76,0.0
Tomer Hemed,Left Center Forward,229,20.0,29.0,7.0,0.777798214,4.0,25.0,1.0,7.86,11.4,2.75,0.31,1.57,9.83,0.39
Tomás Pina Isla,Right Defensive Midfield,2891,743.0,960.0,10.0,0.679731938,146.0,525.0,11.0,23.13,29.89,0.31,0.02,4.55,16.34,0.34
Tomáš Ujfaluši,Left Center Back,546,131.0,167.0,3.0,0.31584554600000003,19.0,39.0,1.0,21.59,27.53,0.49,0.05,3.13,6.43,0.16
Tomáš Vaclík,Goalkeeper,367,68.0,108.0,0.0,0.0,20.0,2.0,0.0,16.68,26.49,0.0,0.0,4.9,0.49,0.0
Toni Kroos,Center Defensive Midfield,3617,2904.0,3199.0,34.0,1.857767323,199.0,990.0,24.0,72.26,79.6,0.85,0.05,4.95,24.63,0.6
Uche Henry Agbo,Left Center Midfield,554,122.0,148.0,0.0,0.0,22.0,83.0,2.0,19.82,24.04,0.0,0.0,3.57,13.48,0.32
Unai Bustinza Martínez,Right Center Back,455,80.0,124.0,1.0,0.07035228,15.0,54.0,0.0,15.82,24.53,0.2,0.01,2.97,10.68,0.0
Unai Expósito Medina,Right Back,268,42.0,58.0,0.0,0.0,4.0,75.0,0.0,14.1,19.48,0.0,0.0,1.34,25.19,0.0
Unai López Cabrera,Center Attacking Midfield,388,94.0,120.0,6.0,0.323705916,17.0,70.0,3.0,21.8,27.84,1.39,0.08,3.94,16.24,0.7
Unai Núñez Gestoso,Right Center Back,364,142.0,178.0,2.0,0.109562254,20.0,40.0,4.0,35.11,44.01,0.49,0.03,4.95,9.89,0.99
Unai Simón Mendibil,Goalkeeper,363,73.0,122.0,0.0,0.0,22.0,0.0,0.0,18.1,30.25,0.0,0.0,5.45,0.0,0.0
Unai Vencedor Paris,Right Defensive Midfield,157,68.0,77.0,1.0,0.080862835,4.0,34.0,1.0,38.98,44.14,0.57,0.05,2.29,19.49,0.57
Uroš Račić,Left Center Midfield,169,41.0,52.0,3.0,0.162755072,12.0,32.0,1.0,21.83,27.69,1.6,0.09,6.39,17.04,0.53
Ustaritz Aldekoaotalora Astarloa,Right Center Back,450,89.0,119.0,1.0,0.0062315986,17.0,48.0,0.0,17.8,23.8,0.2,0.0,3.4,9.6,0.0
Vadim Demidov,Left Center Back,274,43.0,60.0,0.0,0.0,8.0,11.0,4.0,14.12,19.71,0.0,0.0,2.63,3.61,1.31
Valentín Sergio Pachón Mosquero,Left Center Forward,93,6.0,8.0,2.0,0.263419456,0.0,8.0,1.0,5.81,7.74,1.94,0.25,0.0,7.74,0.97
Valery Fernández Estrada,Left Wing Back,90,26.0,33.0,0.0,0.0,7.0,7.0,0.0,26.0,33.0,0.0,0.0,7.0,7.0,0.0
Valmiro Lópes Rocha,Right Wing,746,120.0,186.0,8.0,1.378047161,37.0,107.0,9.0,14.48,22.44,0.97,0.17,4.46,12.91,1.09
Vicente Guaita Panadero,Goalkeeper,4081,719.0,1384.0,0.0,0.0,213.0,2.0,1.0,15.86,30.52,0.0,0.0,4.7,0.04,0.02
Vicente Iborra De La Fuente,Center Attacking Midfield,3265,708.0,972.0,39.0,7.4632611749999995,88.0,504.0,8.0,19.52,26.79,1.08,0.21,2.43,13.89,0.22
Vicente Rodríguez Guillén,Left Wing,459,52.0,80.0,5.0,0.200388577,15.0,42.0,2.0,10.2,15.69,0.98,0.04,2.94,8.24,0.39
Vicente Valcarce Cano,Left Back,93,26.0,39.0,0.0,0.0,1.0,11.0,0.0,25.16,37.74,0.0,0.0,0.97,10.65,0.0
Victor Obinna Nsofor,Center Forward,182,39.0,48.0,2.0,0.018902464,9.0,49.0,3.0,19.29,23.74,0.99,0.01,4.45,24.23,1.48
Victoriano Rivas Álvaro,Left Center Back,266,44.0,68.0,1.0,0.13607468,9.0,29.0,2.0,14.89,23.01,0.34,0.05,3.05,9.81,0.68
Vincenzo Renato Rennella,Right Center Forward,490,35.0,59.0,5.0,0.868483424,22.0,32.0,2.0,6.43,10.84,0.92,0.16,4.04,5.88,0.37
Vinícius José Paixão de Oliveira Júnior,Left Wing,345,102.0,138.0,10.0,0.562368052,21.0,96.0,11.0,26.61,36.0,2.61,0.15,5.48,25.04,2.87
Vitorino Gabriel Pacheco Antunes,Left Back,365,70.0,117.0,6.0,0.1315563775,16.0,50.0,0.0,17.26,28.85,1.48,0.03,3.95,12.33,0.0
Vladan Kujović,Goalkeeper,90,9.0,27.0,0.0,0.0,7.0,0.0,0.0,9.0,27.0,0.0,0.0,7.0,0.0,0.0
Vladimír Weiss,Left Wing,137,26.0,36.0,3.0,0.08940715999999999,12.0,36.0,6.0,17.08,23.65,1.97,0.06,7.88,23.65,3.94
Víctor Camarasa Ferrando,Left Center Midfield,3362,996.0,1192.0,28.0,2.381990513,156.0,547.0,29.0,26.66,31.91,0.75,0.06,4.18,14.64,0.78
Víctor Campuzano Bonilla,Center Attacking Midfield,94,2.0,2.0,1.0,0.013041433,2.0,7.0,0.0,1.91,1.91,0.96,0.01,1.91,6.7,0.0
Víctor Casadesús Castaño,Right Center Forward,2794,382.0,550.0,15.0,2.100235478,57.0,196.0,23.0,12.3,17.72,0.48,0.07,1.84,6.31,0.74
Víctor David Díaz Miguel,Right Back,359,87.0,126.0,0.0,0.0,13.0,63.0,1.0,21.81,31.59,0.0,0.0,3.26,15.79,0.25
Víctor Guillermo Álvarez Delgado,Left Back,2182,521.0,773.0,13.0,1.6002965200000001,91.0,361.0,26.0,21.49,31.88,0.54,0.07,3.75,14.89,1.07
Víctor Gómez Perea,Right Wing Back,156,48.0,61.0,0.0,0.0,8.0,24.0,0.0,27.69,35.19,0.0,0.0,4.62,13.85,0.0
Víctor Javier Añino Bermúdez,Right Defensive Midfield,238,56.0,78.0,1.0,0.03268904,13.0,64.0,3.0,21.18,29.5,0.38,0.01,4.92,24.2,1.13
Víctor Laguardia Cisneros,Right Center Back,684,83.0,112.0,1.0,0.010656893,6.0,47.0,0.0,10.92,14.74,0.13,0.0,0.79,6.18,0.0
Víctor Machín Pérez,Right Wing,3154,751.0,1017.0,33.0,4.630071778,171.0,685.0,52.0,21.43,29.02,0.94,0.13,4.88,19.55,1.48
Víctor Manuel Fernández Gutiérrez,Right Wing,91,15.0,17.0,0.0,0.0,2.0,10.0,0.0,14.84,16.81,0.0,0.0,1.98,9.89,0.0
Víctor Mollejo Carpintero,Left Center Forward,96,0.0,0.0,0.0,0.0,0.0,2.0,0.0,0.0,0.0,0.0,0.0,0.0,1.88,0.0
Víctor Pérez Alonso,Left Center Midfield,92,38.0,47.0,1.0,0.0056163175,7.0,33.0,0.0,37.17,45.98,0.98,0.01,6.85,32.28,0.0
Víctor Rodríguez Romero,Center Attacking Midfield,3077,914.0,1106.0,47.0,3.794005959,156.0,658.0,38.0,26.73,32.35,1.37,0.11,4.56,19.25,1.11
Víctor Rubén López,Left Center Back,93,25.0,31.0,0.0,0.0,1.0,14.0,1.0,24.19,30.0,0.0,0.0,0.97,13.55,0.97
Víctor Ruíz Torre,Left Center Back,4549,1636.0,2047.0,9.0,1.17040744,160.0,315.0,11.0,32.37,40.5,0.18,0.02,3.17,6.23,0.22
Víctor Sánchez Mata,Right Defensive Midfield,3996,1132.0,1506.0,28.0,2.442082057,186.0,1148.0,34.0,25.5,33.92,0.63,0.06,4.19,25.86,0.77
Víctor Valdés Arribas,Goalkeeper,22518,5104.0,6834.0,0.0,0.0,1234.0,23.0,2.0,20.4,27.31,0.0,0.0,4.93,0.09,0.01
Víctor Vázquez Solsona,Left Wing,92,3.0,6.0,0.0,0.0,0.0,1.0,0.0,2.93,5.87,0.0,0.0,0.0,0.98,0.0
Vítor Hugo Gomes Passos,Right Center Midfield,180,32.0,43.0,6.0,0.0636893142,9.0,26.0,0.0,16.0,21.5,3.0,0.03,4.5,13.0,0.0
Waldo Rubio Martín,Left Center Forward,276,32.0,47.0,2.0,0.040216396,6.0,27.0,0.0,10.43,15.33,0.65,0.01,1.96,8.8,0.0
Walter Gerardo Pandiani Urquiza,Center Attacking Midfield,462,50.0,80.0,5.0,0.44337816,12.0,91.0,2.0,9.74,15.58,0.97,0.09,2.34,17.73,0.39
Walter Horacio Peralta Saracho,Right Center Midfield,92,0.0,0.0,0.0,0.0,0.0,1.0,0.0,0.0,0.0,0.0,0.0,0.0,0.98,0.0
Wanderson Maciel Sousa Campos,Left Wing,1726,193.0,262.0,24.0,1.229387171,55.0,191.0,31.0,10.06,13.66,1.25,0.06,2.87,9.96,1.62
Weligton Róbson Pena de Oliveira,Left Center Back,3250,964.0,1338.0,4.0,0.384656812,156.0,329.0,3.0,26.7,37.05,0.11,0.01,4.32,9.11,0.08
Wellington Alves da Silva,Right Wing,146,12.0,17.0,1.0,0.039337683,3.0,9.0,1.0,7.4,10.48,0.62,0.02,1.85,5.55,0.62
Wesley Sneijder,Right Wing,128,69.0,88.0,4.0,0.215934942,9.0,23.0,1.0,48.52,61.88,2.81,0.15,6.33,16.17,0.7
Wilfredo Daniel Caballero,Goalkeeper,273,62.0,101.0,0.0,0.0,18.0,1.0,0.0,20.44,33.3,0.0,0.0,5.93,0.33,0.0
Wilfried Aimeric Zahibo,Left Defensive Midfield,134,45.0,62.0,0.0,0.0,13.0,24.0,0.0,30.22,41.64,0.0,0.0,8.73,16.12,0.0
William Silva de Carvalho,Center Defensive Midfield,319,184.0,201.0,1.0,0.0655744,20.0,46.0,1.0,51.91,56.71,0.28,0.02,5.64,12.98,0.28
Willian José da Silva,Center Forward,3264,542.0,730.0,76.0,9.069742832,70.0,360.0,35.0,14.94,20.13,2.1,0.25,1.93,9.93,0.97
Willian Lanes Lanes de Lima,Left Center Back,138,16.0,24.0,0.0,0.0,5.0,12.0,0.0,10.43,15.65,0.0,0.0,3.26,7.83,0.0
Wissam Ben Yedder,Center Forward,278,46.0,58.0,7.0,0.797175078,12.0,43.0,4.0,14.89,18.78,2.27,0.26,3.88,13.92,1.29
Xabier Alonso Olano,Left Defensive Midfield,706,283.0,361.0,4.0,0.655172361,39.0,258.0,3.0,36.08,46.02,0.51,0.08,4.97,32.89,0.38
Xabier Etxeita Gorritxategi,Right Center Back,2883,974.0,1239.0,10.0,0.762317727,83.0,302.0,6.0,30.41,38.68,0.31,0.02,2.59,9.43,0.19
Xabier Iruretagoiena Aranzamendi,Goalkeeper,445,66.0,139.0,0.0,0.0,25.0,4.0,0.0,13.35,28.11,0.0,0.0,5.06,0.81,0.0
Xabier Prieto Argarate,Right Wing,4260,1305.0,1754.0,27.0,4.138768638,164.0,566.0,26.0,27.57,37.06,0.57,0.09,3.46,11.96,0.55
Xavier Hernández Creus,Right Center Midfield,22543,20592.0,23050.0,311.0,25.0954444979,1190.0,3077.0,334.0,82.21,92.02,1.24,0.1,4.75,12.28,1.33
Xavier Quintillà Guasch,Left Back,92,60.0,66.0,0.0,0.0,2.0,14.0,0.0,58.7,64.57,0.0,0.0,1.96,13.7,0.0
Xavier Torres Buigues,Left Defensive Midfield,1661,410.0,530.0,13.0,0.8195959988,75.0,294.0,8.0,22.22,28.72,0.7,0.04,4.06,15.93,0.43
Yacine Brahimi,Center Attacking Midfield,231,36.0,43.0,3.0,0.236934863,13.0,53.0,9.0,14.03,16.75,1.17,0.09,5.06,20.65,3.51
Yan Brice Eteki,Left Center Midfield,222,42.0,49.0,2.0,0.09984731599999999,12.0,102.0,2.0,17.03,19.86,0.81,0.04,4.86,41.35,0.81
Yangel Clemente Herrera Ravelo,Right Center Midfield,328,55.0,75.0,2.0,0.091511284,10.0,126.0,0.0,15.09,20.58,0.55,0.03,2.74,34.57,0.0
Yann Bodiger,Right Center Midfield,90,9.0,11.0,0.0,0.0,3.0,13.0,0.0,9.0,11.0,0.0,0.0,3.0,13.0,0.0
Yannick Ferreira Carrasco,Left Midfield,2733,747.0,980.0,66.0,4.934065767,168.0,400.0,86.0,24.6,32.27,2.17,0.16,5.53,13.17,2.83
Yannis Salibur,Right Midfield,94,7.0,7.0,0.0,0.0,0.0,2.0,0.0,6.7,6.7,0.0,0.0,0.0,1.91,0.0
Yassine Bounou,Goalkeeper,461,112.0,153.0,0.0,0.0,17.0,1.0,1.0,21.87,29.87,0.0,0.0,3.32,0.2,0.2
Yeray Álvarez López,Right Center Back,459,141.0,175.0,3.0,0.45451273999999997,22.0,43.0,1.0,27.65,34.31,0.59,0.09,4.31,8.43,0.2
Yeremi Jesús Pino Santos,Right Midfield,95,4.0,4.0,0.0,0.0,0.0,1.0,0.0,3.79,3.79,0.0,0.0,0.0,0.95,0.0
Yerry Fernando Mina González,Right Center Back,366,183.0,206.0,3.0,0.16908822099999998,6.0,29.0,1.0,45.0,50.66,0.74,0.04,1.48,7.13,0.25
Yevhen Konoplyanka,Left Wing,2732,483.0,725.0,51.0,3.657506512,75.0,196.0,42.0,15.91,23.88,1.68,0.12,2.47,6.46,1.38
Yoel Rodríguez Oterino,Goalkeeper,1191,300.0,476.0,0.0,0.0,77.0,2.0,0.0,22.67,35.97,0.0,0.0,5.82,0.15,0.0
Yohan Mollo,Right Defensive Midfield,92,9.0,11.0,0.0,0.0,1.0,3.0,0.0,8.8,10.76,0.0,0.0,0.98,2.93,0.0
Youssef El-Arabi,Center Forward,3396,468.0,705.0,79.0,14.5847971935,127.0,627.0,44.0,12.4,18.68,2.09,0.39,3.37,16.62,1.17
Youssef En-Nesyri,Center Forward,556,55.0,84.0,9.0,0.6516519297,8.0,125.0,3.0,8.9,13.6,1.46,0.11,1.29,20.23,0.49
Yuri Berchiche Izeta,Left Back,2458,1076.0,1420.0,27.0,0.9608177215,140.0,362.0,16.0,39.4,51.99,0.99,0.04,5.13,13.25,0.59
Zakaria Bakkali,Left Wing,1523,175.0,248.0,14.0,0.618277568,26.0,114.0,19.0,10.34,14.66,0.83,0.04,1.54,6.74,1.12
Zinédine Zidane,Center Attacking Midfield,90,45.0,59.0,0.0,0.0,2.0,42.0,2.0,45.0,59.0,0.0,0.0,2.0,42.0,2.0
Zlatan Ibrahimović,Center Forward,2190,489.0,654.0,83.0,11.3145655568,66.0,160.0,24.0,20.1,26.88,3.41,0.46,2.71,6.58,0.99
Zouhair Feddal,Left Center Back,2741,931.0,1235.0,12.0,1.52581433,111.0,229.0,10.0,30.57,40.55,0.39,0.05,3.64,7.52,0.33
Ádám Pintér,Left Defensive Midfield,239,52.0,66.0,2.0,0.092359849,11.0,53.0,0.0,19.58,24.85,0.75,0.03,4.14,19.96,0.0
Álex Collado Gutiérrez,Right Wing Back,90,9.0,10.0,0.0,0.0,1.0,2.0,0.0,9.0,10.0,0.0,0.0,1.0,2.0,0.0
Álvaro Antón Camarero,Center Forward,93,2.0,3.0,1.0,0.06170523,2.0,8.0,0.0,1.94,2.9,0.97,0.06,1.94,7.74,0.0
Álvaro Arbeloa Coca,Left Back,1348,324.0,388.0,0.0,0.0,30.0,165.0,1.0,21.63,25.91,0.0,0.0,2.0,11.02,0.07
Álvaro Arroyo Martínez,Right Back,181,17.0,23.0,0.0,0.0,1.0,17.0,0.0,8.45,11.44,0.0,0.0,0.5,8.45,0.0
Álvaro Borja Morata Martín,Left Wing,459,31.0,55.0,10.0,0.659743658,6.0,78.0,5.0,6.08,10.78,1.96,0.13,1.18,15.29,0.98
Álvaro Cejudo Carmona,Right Wing,3050,618.0,938.0,44.0,1.6843028645,158.0,538.0,44.0,18.24,27.68,1.3,0.05,4.66,15.88,1.3
Álvaro Daniel Pereira Barragán,Left Back,415,123.0,189.0,2.0,0.0172918123,8.0,80.0,0.0,26.67,40.99,0.43,0.0,1.73,17.35,0.0
Álvaro Domínguez Soto,Left Back,160,26.0,37.0,1.0,0.04219009,0.0,9.0,0.0,14.62,20.81,0.56,0.02,0.0,5.06,0.0
Álvaro Fernández Llorente,Goalkeeper,179,43.0,57.0,0.0,0.0,7.0,2.0,0.0,21.62,28.66,0.0,0.0,3.52,1.01,0.0
Álvaro Giménez Candela,Right Center Forward,296,38.0,51.0,2.0,0.98423952,6.0,45.0,2.0,11.55,15.51,0.61,0.3,1.82,13.68,0.61
Álvaro González Soberón,Right Center Back,4160,1366.0,1818.0,24.0,1.794131685,141.0,360.0,10.0,29.55,39.33,0.52,0.04,3.05,7.79,0.22
Álvaro José Jiménez Guerrero,Right Midfield,92,4.0,9.0,2.0,0.052612163,1.0,6.0,0.0,3.91,8.8,1.96,0.05,0.98,5.87,0.0
Álvaro Juan Cruz Armada,Left Midfield,92,19.0,24.0,0.0,0.0,4.0,3.0,0.0,18.59,23.48,0.0,0.0,3.91,2.93,0.0
Álvaro Luiz Maior de Aquino,Right Center Back,451,81.0,123.0,1.0,0.08172628,25.0,45.0,3.0,16.16,24.55,0.2,0.02,4.99,8.98,0.6
Álvaro Medrán Just,Right Defensive Midfield,1866,519.0,636.0,32.0,1.7867681444,107.0,323.0,17.0,25.03,30.68,1.54,0.09,5.16,15.58,0.82
Álvaro Mejía Pérez,Right Center Midfield,92,38.0,43.0,0.0,0.0,7.0,25.0,2.0,37.17,42.07,0.0,0.0,6.85,24.46,1.96
Álvaro Negredo Sánchez,Center Forward,3048,335.0,502.0,54.0,8.5207819886,53.0,187.0,19.0,9.89,14.82,1.59,0.25,1.56,5.52,0.56
Álvaro Odriozola Arzallus,Right Back,274,72.0,90.0,0.0,0.0,8.0,29.0,3.0,23.65,29.56,0.0,0.0,2.63,9.53,0.99
Álvaro Rubio Robles,Left Defensive Midfield,366,134.0,173.0,2.0,0.042419855,17.0,73.0,4.0,32.95,42.54,0.49,0.01,4.18,17.95,0.98
Álvaro Vadillo Cifuentes,Right Wing,711,90.0,131.0,10.0,1.2227664388,25.0,79.0,10.0,11.39,16.58,1.27,0.15,3.16,10.0,1.27
Álvaro Vázquez García,Center Forward,3245,312.0,461.0,53.0,10.257777895,61.0,417.0,15.0,8.65,12.79,1.47,0.28,1.69,11.57,0.42
Ángel Dealbert Ibáñez,Left Center Back,263,74.0,95.0,1.0,0.081365846,8.0,30.0,0.0,25.32,32.51,0.34,0.03,2.74,10.27,0.0
Ángel Domingo López Ruano,Right Back,916,222.0,292.0,0.0,0.0,34.0,98.0,4.0,21.81,28.69,0.0,0.0,3.34,9.63,0.39
Ángel Fabián Di María Hernández,Right Wing,540,122.0,187.0,6.0,0.28485357699999997,33.0,190.0,15.0,20.33,31.17,1.0,0.05,5.5,31.67,2.5
Ángel Javier Arizmendi de Lucas,Right Wing,470,77.0,121.0,16.0,1.0737208183,16.0,79.0,8.0,14.74,23.17,3.06,0.21,3.06,15.13,1.53
Ángel Lafita Castillo,Left Wing,2098,260.0,406.0,40.0,3.417339791,82.0,342.0,27.0,11.15,17.42,1.72,0.15,3.52,14.67,1.16
Ángel Luis Rodríguez Díaz,Right Center Forward,753,45.0,68.0,13.0,1.912040191,12.0,142.0,3.0,5.38,8.13,1.55,0.23,1.43,16.97,0.36
Ángel Manuel Vivar Dorado,Right Defensive Midfield,368,112.0,134.0,2.0,0.129711423,18.0,59.0,0.0,27.39,32.77,0.49,0.03,4.4,14.43,0.0
Ángel Martín Correa,Right Midfield,2956,349.0,513.0,35.0,3.964023578,104.0,444.0,42.0,10.63,15.62,1.07,0.12,3.17,13.52,1.28
Ángel Martínez Cervera,Right Center Midfield,399,77.0,105.0,2.0,0.04405492,17.0,81.0,2.0,17.37,23.68,0.45,0.01,3.83,18.27,0.45
Ángel Montoro Sánchez,Center Defensive Midfield,1051,388.0,467.0,4.0,0.060279096,30.0,167.0,4.0,33.23,39.99,0.34,0.01,2.57,14.3,0.34
Ángel Morales Cuerva,Right Center Midfield,130,32.0,39.0,0.0,0.0,1.0,17.0,0.0,22.15,27.0,0.0,0.0,0.69,11.77,0.0
Ángel Trujillo Canorea,Right Center Back,1029,174.0,231.0,4.0,0.1925009686,15.0,74.0,1.0,15.22,20.2,0.35,0.02,1.31,6.47,0.09
Éder Gabriel Militão,Right Center Back,93,18.0,22.0,1.0,0.1361084,3.0,12.0,0.0,17.42,21.29,0.97,0.13,2.9,11.61,0.0
Éver Maximiliano David Banega,Center Attacking Midfield,3535,1644.0,2081.0,56.0,3.8165456087,248.0,757.0,112.0,41.86,52.98,1.43,0.1,6.31,19.27,2.85
Íñigo Díaz de Cerio Conejero,Left Wing,93,8.0,8.0,0.0,0.0,0.0,6.0,0.0,7.74,7.74,0.0,0.0,0.0,5.81,0.0
Íñigo Lekue Martínez,Left Back,2080,529.0,717.0,16.0,0.725647584,88.0,267.0,29.0,22.89,31.02,0.69,0.03,3.81,11.55,1.25
Íñigo López Montaña,Right Center Back,516,92.0,120.0,2.0,0.28890156499999997,12.0,31.0,2.0,16.05,20.93,0.35,0.05,2.09,5.41,0.35
Íñigo Martínez Berridi,Left Center Back,3934,1486.0,1899.0,26.0,1.4368841474,202.0,304.0,17.0,34.0,43.44,0.59,0.03,4.62,6.95,0.39
Óliver Torres Muñoz,Right Midfield,2022,500.0,620.0,11.0,0.43698724180000004,63.0,298.0,17.0,22.26,27.6,0.49,0.02,2.8,13.26,0.76
Óscar Alfredo Ustari,Goalkeeper,90,24.0,32.0,0.0,0.0,3.0,0.0,0.0,24.0,32.0,0.0,0.0,3.0,0.0,0.0
Óscar David Romero Villamayor,Right Midfield,182,22.0,41.0,5.0,0.171917409,8.0,44.0,3.0,10.88,20.27,2.47,0.09,3.96,21.76,1.48
Óscar Esau Duarte Gaitán,Left Center Back,1412,404.0,532.0,10.0,1.59601178,59.0,144.0,2.0,25.75,33.91,0.64,0.1,3.76,9.18,0.13
Óscar Guido Trejo,Right Wing,165,14.0,19.0,1.0,0.113983355,5.0,31.0,4.0,7.64,10.36,0.55,0.06,2.73,16.91,2.18
Óscar Javier González Marcos,Center Attacking Midfield,456,62.0,90.0,2.0,0.24004689999999998,21.0,66.0,1.0,12.24,17.76,0.39,0.05,4.14,13.03,0.2
Óscar Melendo Jiménez,Right Center Forward,295,50.0,61.0,2.0,0.13585134999999998,9.0,45.0,3.0,15.25,18.61,0.61,0.04,2.75,13.73,0.92
Óscar Mingueza García,Right Center Back,2018,1370.0,1482.0,9.0,0.801391084,59.0,283.0,6.0,61.1,66.1,0.4,0.04,2.63,12.62,0.27
Óscar Montiel Marín,Right Back,97,35.0,52.0,0.0,0.0,2.0,16.0,0.0,32.47,48.25,0.0,0.0,1.86,14.85,0.0
Óscar Plano Pedreño,Left Center Forward,369,97.0,120.0,4.0,0.205069927,20.0,71.0,1.0,23.66,29.27,0.98,0.05,4.88,17.32,0.24
Óscar Rodríguez Arnaiz,Right Wing,311,61.0,90.0,5.0,0.619080327,15.0,82.0,9.0,17.65,26.05,1.45,0.18,4.34,23.73,2.6
Óscar Serrano Rodriguez,Left Midfield,605,112.0,183.0,12.0,0.4963377175,48.0,120.0,12.0,16.66,27.22,1.79,0.07,7.14,17.85,1.79
Óscar Sielva Moreno,Left Midfield,90,0.0,0.0,0.0,0.0,0.0,2.0,0.0,0.0,0.0,0.0,0.0,0.0,2.0,0.0
Óscar Sánchez Fuentes,Center Attacking Midfield,92,8.0,10.0,0.0,0.0,0.0,4.0,0.0,7.83,9.78,0.0,0.0,0.0,3.91,0.0
Óscar de Marcos Arana,Right Back,4393,1602.0,2195.0,15.0,0.807073237,248.0,877.0,29.0,32.82,44.97,0.31,0.02,5.08,17.97,0.59
Šime Vrsaljko,Right Back,148,33.0,52.0,0.0,0.0,5.0,17.0,1.0,20.07,31.62,0.0,0.0,3.04,10.34,0.61
